Date,O/N
31 Dec 2021,2.1290
30 Dec 2021,1.2760
29 Dec 2021,1.3430
28 Dec 2021,1.6160
27 Dec 2021,1.7780
24 Dec 2021,1.8400
23 Dec 2021,1.6310
22 Dec 2021,1.6870
21 Dec 2021,1.8580
20 Dec 2021,1.9940
17 Dec 2021,1.8620
16 Dec 2021,2.1160
15 Dec 2021,2.1370
14 Dec 2021,2.1680
13 Dec 2021,2.1080
10 Dec 2021,1.8070
09 Dec 2021,2.1540
08 Dec 2021,2.1510
07 Dec 2021,2.1300
06 Dec 2021,1.8170
03 Dec 2021,1.9130
02 Dec 2021,1.9840
01 Dec 2021,2.0170
30 Nov 2021,2.1730
29 Nov 2021,1.8600
26 Nov 2021,1.7120
25 Nov 2021,1.8230
24 Nov 2021,1.7880
23 Nov 2021,2.1780
22 Nov 2021,1.9460
19 Nov 2021,1.9980
18 Nov 2021,1.9320
17 Nov 2021,2.1520
16 Nov 2021,1.9230
15 Nov 2021,1.7870
12 Nov 2021,1.8560
11 Nov 2021,1.8810
10 Nov 2021,1.8330
09 Nov 2021,2.1370
08 Nov 2021,1.8970
05 Nov 2021,1.8870
04 Nov 2021,1.8860
03 Nov 2021,2.0000
02 Nov 2021,2.1260
01 Nov 2021,2.0300
29 Oct 2021,2.1420
28 Oct 2021,1.9400
27 Oct 2021,1.9210
26 Oct 2021,1.5460
25 Oct 2021,1.6100
22 Oct 2021,1.6720
21 Oct 2021,1.6830
20 Oct 2021,2.1040
19 Oct 2021,2.2230
18 Oct 2021,2.1310
15 Oct 2021,2.0650
14 Oct 2021,2.1060
13 Oct 2021,2.1570
12 Oct 2021,2.1010
11 Oct 2021,2.1350
09 Oct 2021,1.6350
08 Oct 2021,2.1050
30 Sep 2021,2.2200
29 Sep 2021,1.5050
28 Sep 2021,1.9460
27 Sep 2021,1.7080
26 Sep 2021,1.6910
24 Sep 2021,1.6950
23 Sep 2021,2.0350
22 Sep 2021,2.1610
18 Sep 2021,2.1070
17 Sep 2021,2.2130
16 Sep 2021,2.2100
15 Sep 2021,2.1370
14 Sep 2021,2.2960
13 Sep 2021,2.1650
10 Sep 2021,2.1090
09 Sep 2021,2.0290
08 Sep 2021,2.1840
07 Sep 2021,2.1870
06 Sep 2021,2.1150
03 Sep 2021,1.9430
02 Sep 2021,2.0820
01 Sep 2021,2.1220
31 Aug 2021,2.1950
30 Aug 2021,1.8460
27 Aug 2021,2.0920
26 Aug 2021,2.1990
25 Aug 2021,2.2110
24 Aug 2021,2.2620
23 Aug 2021,2.1430
20 Aug 2021,2.0420
19 Aug 2021,1.8410
18 Aug 2021,1.7250
17 Aug 2021,1.9720
16 Aug 2021,2.1050
13 Aug 2021,2.1760
12 Aug 2021,1.9400
11 Aug 2021,2.0320
10 Aug 2021,2.2500
09 Aug 2021,2.2120
06 Aug 2021,1.8590
05 Aug 2021,1.7090
04 Aug 2021,1.7100
03 Aug 2021,1.8360
02 Aug 2021,1.8760
30 Jul 2021,2.1780
29 Jul 2021,1.6440
28 Jul 2021,2.0920
27 Jul 2021,2.2700
26 Jul 2021,2.1190
23 Jul 2021,2.0570
22 Jul 2021,2.1140
21 Jul 2021,2.1820
20 Jul 2021,2.1780
19 Jul 2021,2.1110
16 Jul 2021,2.1150
15 Jul 2021,2.0980
14 Jul 2021,1.9840
13 Jul 2021,2.0500
12 Jul 2021,1.9400
09 Jul 2021,2.2060
08 Jul 2021,1.7910
07 Jul 2021,2.0680
06 Jul 2021,1.9080
05 Jul 2021,1.6650
02 Jul 2021,1.6140
01 Jul 2021,1.7340
30 Jun 2021,2.1770
29 Jun 2021,1.7950
28 Jun 2021,1.5580
25 Jun 2021,1.5500
24 Jun 2021,1.8530
23 Jun 2021,2.2080
22 Jun 2021,2.3010
21 Jun 2021,2.2470
18 Jun 2021,2.0140
17 Jun 2021,1.8760
16 Jun 2021,2.0060
15 Jun 2021,2.1040
11 Jun 2021,1.9980
10 Jun 2021,1.8920
09 Jun 2021,2.1880
08 Jun 2021,2.1930
07 Jun 2021,2.2990
04 Jun 2021,2.1750
03 Jun 2021,1.8520
02 Jun 2021,2.0400
01 Jun 2021,2.1870
31 May 2021,2.2270
28 May 2021,2.1660
27 May 2021,2.1170
26 May 2021,1.9900
25 May 2021,2.1940
24 May 2021,2.1710
21 May 2021,1.9960
20 May 2021,2.0920
19 May 2021,2.0250
18 May 2021,2.1190
17 May 2021,2.1360
14 May 2021,1.8050
13 May 2021,1.9660
12 May 2021,1.9510
11 May 2021,1.9380
10 May 2021,1.6630
08 May 2021,1.4940
07 May 2021,1.7790
06 May 2021,2.0970
30 Apr 2021,2.2850
29 Apr 2021,1.8230
28 Apr 2021,1.7800
27 Apr 2021,1.8140
26 Apr 2021,2.0750
25 Apr 2021,2.0180
23 Apr 2021,1.9420
22 Apr 2021,2.1270
21 Apr 2021,1.8640
20 Apr 2021,1.8540
19 Apr 2021,2.1180
16 Apr 2021,1.9460
15 Apr 2021,1.8100
14 Apr 2021,1.8100
13 Apr 2021,1.7810
12 Apr 2021,1.7920
09 Apr 2021,1.7840
08 Apr 2021,1.7600
07 Apr 2021,1.8240
06 Apr 2021,1.7650
02 Apr 2021,1.7340
01 Apr 2021,2.1430
31 Mar 2021,2.1240
30 Mar 2021,1.8250
29 Mar 2021,1.8140
26 Mar 2021,1.7620
25 Mar 2021,2.0290
24 Mar 2021,1.8220
23 Mar 2021,1.9760
22 Mar 2021,2.0520
19 Mar 2021,2.1350
18 Mar 2021,2.2060
17 Mar 2021,1.9680
16 Mar 2021,2.1400
15 Mar 2021,2.2450
12 Mar 2021,1.7870
11 Mar 2021,1.7960
10 Mar 2021,1.7470
09 Mar 2021,2.0240
08 Mar 2021,1.7040
05 Mar 2021,1.5650
04 Mar 2021,1.9260
03 Mar 2021,1.4710
02 Mar 2021,1.7750
01 Mar 2021,2.1540
26 Feb 2021,2.0920
25 Feb 2021,1.7030
24 Feb 2021,1.5120
23 Feb 2021,1.9840
22 Feb 2021,1.5120
20 Feb 2021,1.4570
19 Feb 2021,1.8860
18 Feb 2021,2.3410
10 Feb 2021,1.9250
09 Feb 2021,1.7720
08 Feb 2021,1.9060
07 Feb 2021,1.5730
05 Feb 2021,1.9090
04 Feb 2021,2.0750
03 Feb 2021,1.8590
02 Feb 2021,2.3130
01 Feb 2021,2.7950
29 Jan 2021,3.2820
28 Jan 2021,3.0240
27 Jan 2021,2.9700
26 Jan 2021,2.7260
25 Jan 2021,2.4500
22 Jan 2021,2.4360
21 Jan 2021,2.5730
20 Jan 2021,2.4570
19 Jan 2021,2.2360
18 Jan 2021,2.1250
15 Jan 2021,1.7380
14 Jan 2021,1.6750
13 Jan 2021,1.4010
12 Jan 2021,1.3330
11 Jan 2021,1.2160
08 Jan 2021,0.9650
07 Jan 2021,0.9210
06 Jan 2021,0.6160
05 Jan 2021,0.7290
04 Jan 2021,0.8990
31 Dec 2015,1.9910
30 Dec 2015,1.9350
29 Dec 2015,1.9350
28 Dec 2015,1.9390
25 Dec 2015,1.9340
24 Dec 2015,1.9240
23 Dec 2015,1.9030
22 Dec 2015,1.8750
21 Dec 2015,1.8430
18 Dec 2015,1.8160
17 Dec 2015,1.7930
16 Dec 2015,1.7900
15 Dec 2015,1.7880
14 Dec 2015,1.7880
11 Dec 2015,1.7880
10 Dec 2015,1.7890
09 Dec 2015,1.7890
08 Dec 2015,1.7860
07 Dec 2015,1.7840
04 Dec 2015,1.7870
03 Dec 2015,1.7870
02 Dec 2015,1.7860
01 Dec 2015,1.7880
30 Nov 2015,1.7880
27 Nov 2015,1.7860
26 Nov 2015,1.7850
25 Nov 2015,1.7850
24 Nov 2015,1.7850
23 Nov 2015,1.7850
20 Nov 2015,1.7840
19 Nov 2015,1.7850
18 Nov 2015,1.7810
17 Nov 2015,1.7820
16 Nov 2015,1.7840
13 Nov 2015,1.7860
12 Nov 2015,1.7840
11 Nov 2015,1.7820
10 Nov 2015,1.7830
09 Nov 2015,1.7860
06 Nov 2015,1.7870
05 Nov 2015,1.7870
04 Nov 2015,1.7900
03 Nov 2015,1.7920
02 Nov 2015,1.7930
30 Oct 2015,1.7980
29 Oct 2015,1.7980
28 Oct 2015,1.7960
27 Oct 2015,1.8000
26 Oct 2015,1.8400
23 Oct 2015,1.9090
22 Oct 2015,1.9040
21 Oct 2015,1.9050
20 Oct 2015,1.9030
19 Oct 2015,1.9020
16 Oct 2015,1.8990
15 Oct 2015,1.9010
14 Oct 2015,1.9000
13 Oct 2015,1.9000
12 Oct 2015,1.9020
10 Oct 2015,1.9040
09 Oct 2015,1.9060
08 Oct 2015,1.9090
30 Sep 2015,1.9890
29 Sep 2015,1.9070
28 Sep 2015,1.9100
25 Sep 2015,1.9070
24 Sep 2015,1.9090
23 Sep 2015,1.9080
22 Sep 2015,1.9080
21 Sep 2015,1.9010
18 Sep 2015,1.9000
17 Sep 2015,1.8990
16 Sep 2015,1.9000
15 Sep 2015,1.8990
14 Sep 2015,1.8990
11 Sep 2015,1.9001
10 Sep 2015,1.8990
09 Sep 2015,1.8960
08 Sep 2015,1.8970
07 Sep 2015,1.9040
06 Sep 2015,1.9010
02 Sep 2015,2.0310
01 Sep 2015,1.8210
31 Aug 2015,1.8010
28 Aug 2015,1.7740
27 Aug 2015,1.7590
26 Aug 2015,1.7860
25 Aug 2015,1.8790
24 Aug 2015,1.8660
21 Aug 2015,1.8470
20 Aug 2015,1.8300
19 Aug 2015,1.7880
18 Aug 2015,1.7450
17 Aug 2015,1.7010
14 Aug 2015,1.6670
13 Aug 2015,1.6410
12 Aug 2015,1.6140
11 Aug 2015,1.5860
10 Aug 2015,1.5570
07 Aug 2015,1.5290
06 Aug 2015,1.5170
05 Aug 2015,1.5080
04 Aug 2015,1.4970
03 Aug 2015,1.4880
31 Jul 2015,1.4700
30 Jul 2015,1.4480
29 Jul 2015,1.4270
28 Jul 2015,1.3880
27 Jul 2015,1.3740
24 Jul 2015,1.3370
23 Jul 2015,1.3320
22 Jul 2015,1.3230
21 Jul 2015,1.3040
20 Jul 2015,1.2900
17 Jul 2015,1.2820
16 Jul 2015,1.2630
15 Jul 2015,1.2450
14 Jul 2015,1.2380
13 Jul 2015,1.2240
10 Jul 2015,1.2100
09 Jul 2015,1.1980
08 Jul 2015,1.1870
07 Jul 2015,1.1760
06 Jul 2015,1.1670
03 Jul 2015,1.1590
02 Jul 2015,1.1608
01 Jul 2015,1.1630
30 Jun 2015,1.2570
29 Jun 2015,1.3400
26 Jun 2015,1.3570
25 Jun 2015,1.3570
24 Jun 2015,1.3380
23 Jun 2015,1.2950
19 Jun 2015,1.2670
18 Jun 2015,1.2020
17 Jun 2015,1.1510
16 Jun 2015,1.1310
15 Jun 2015,1.1210
12 Jun 2015,1.1040
11 Jun 2015,1.0900
10 Jun 2015,1.0830
09 Jun 2015,1.0710
08 Jun 2015,1.0610
05 Jun 2015,1.0510
04 Jun 2015,1.0470
03 Jun 2015,1.0390
02 Jun 2015,1.0340
01 Jun 2015,1.0270
29 May 2015,1.0390
28 May 2015,1.0430
27 May 2015,1.0400
26 May 2015,1.0400
25 May 2015,1.0390
22 May 2015,1.0370
21 May 2015,1.0330
20 May 2015,1.0320
19 May 2015,1.0330
18 May 2015,1.0520
15 May 2015,1.0780
14 May 2015,1.1820
13 May 2015,1.2470
12 May 2015,1.2900
11 May 2015,1.3450
08 May 2015,1.4430
07 May 2015,1.4890
06 May 2015,1.5230
05 May 2015,1.5640
04 May 2015,1.6190
30 Apr 2015,1.6900
29 Apr 2015,1.7390
28 Apr 2015,1.7590
27 Apr 2015,1.8060
24 Apr 2015,1.8510
23 Apr 2015,1.9080
22 Apr 2015,1.9490
21 Apr 2015,2.0020
20 Apr 2015,2.0870
17 Apr 2015,2.2680
16 Apr 2015,2.2980
15 Apr 2015,2.3070
14 Apr 2015,2.3720
13 Apr 2015,2.4050
10 Apr 2015,2.4890
09 Apr 2015,2.5990
08 Apr 2015,2.6830
07 Apr 2015,2.7660
03 Apr 2015,2.8870
02 Apr 2015,2.9950
01 Apr 2015,3.0870
31 Mar 2015,3.1830
30 Mar 2015,3.2030
27 Mar 2015,3.2060
26 Mar 2015,3.2160
25 Mar 2015,3.2100
24 Mar 2015,3.2180
23 Mar 2015,3.2170
20 Mar 2015,3.2940
19 Mar 2015,3.3320
18 Mar 2015,3.3690
17 Mar 2015,3.3760
16 Mar 2015,3.4030
13 Mar 2015,3.4360
12 Mar 2015,3.4644
11 Mar 2015,3.3470
10 Mar 2015,3.3500
09 Mar 2015,3.3810
06 Mar 2015,3.4160
05 Mar 2015,3.4330
04 Mar 2015,3.4460
03 Mar 2015,3.4500
02 Mar 2015,3.4530
28 Feb 2015,3.4410
27 Feb 2015,3.3180
26 Feb 2015,3.2980
25 Feb 2015,3.3280
17 Feb 2015,3.4000
16 Feb 2015,3.1820
15 Feb 2015,3.1750
13 Feb 2015,3.0910
12 Feb 2015,3.0580
11 Feb 2015,2.9320
10 Feb 2015,2.8520
09 Feb 2015,2.8120
06 Feb 2015,2.8560
05 Feb 2015,2.8660
04 Feb 2015,2.9730
03 Feb 2015,2.9544
02 Feb 2015,2.8890
30 Jan 2015,2.8130
29 Jan 2015,2.7650
28 Jan 2015,2.6900
27 Jan 2015,2.6740
26 Jan 2015,2.6880
23 Jan 2015,2.7280
22 Jan 2015,2.7710
21 Jan 2015,2.7880
20 Jan 2015,2.7070
19 Jan 2015,2.6600
16 Jan 2015,2.6330
15 Jan 2015,2.6310
14 Jan 2015,2.6360
13 Jan 2015,2.6670
12 Jan 2015,2.7530
09 Jan 2015,2.8050
08 Jan 2015,2.8300
07 Jan 2015,2.8810
06 Jan 2015,3.0320
05 Jan 2015,3.4210
04 Jan 2015,3.6400
29 Dec 2018,2.5540
28 Dec 2018,1.4700
27 Dec 2018,1.7930
26 Dec 2018,2.0290
25 Dec 2018,2.0280
24 Dec 2018,2.3160
21 Dec 2018,2.4860
20 Dec 2018,2.5670
19 Dec 2018,2.6540
18 Dec 2018,2.6690
17 Dec 2018,2.6250
14 Dec 2018,2.6550
13 Dec 2018,2.5190
12 Dec 2018,2.4240
11 Dec 2018,2.4630
10 Dec 2018,2.4530
07 Dec 2018,2.4160
06 Dec 2018,2.4180
05 Dec 2018,2.2670
04 Dec 2018,2.4450
03 Dec 2018,2.5150
30 Nov 2018,2.6420
29 Nov 2018,2.2620
28 Nov 2018,2.5390
27 Nov 2018,2.5560
26 Nov 2018,2.4980
23 Nov 2018,2.3560
22 Nov 2018,2.4560
21 Nov 2018,2.5790
20 Nov 2018,2.6090
19 Nov 2018,2.5510
16 Nov 2018,2.3450
15 Nov 2018,2.3390
14 Nov 2018,2.3250
13 Nov 2018,2.4680
12 Nov 2018,2.3090
09 Nov 2018,2.0380
08 Nov 2018,1.9780
07 Nov 2018,2.0906
06 Nov 2018,2.2700
05 Nov 2018,2.4345
02 Nov 2018,2.4770
01 Nov 2018,2.5470
31 Oct 2018,2.3700
30 Oct 2018,1.5660
29 Oct 2018,1.8520
26 Oct 2018,2.0670
25 Oct 2018,2.2150
24 Oct 2018,2.3930
23 Oct 2018,2.4510
22 Oct 2018,2.4750
19 Oct 2018,2.4450
18 Oct 2018,2.4270
17 Oct 2018,2.3530
16 Oct 2018,2.3730
15 Oct 2018,2.3770
12 Oct 2018,2.4390
11 Oct 2018,2.3600
10 Oct 2018,2.3980
09 Oct 2018,2.5020
08 Oct 2018,2.5360
30 Sep 2018,2.6530
29 Sep 2018,2.0730
28 Sep 2018,2.4450
27 Sep 2018,2.4600
26 Sep 2018,2.5530
25 Sep 2018,2.5430
21 Sep 2018,2.5140
20 Sep 2018,2.5190
19 Sep 2018,2.5620
18 Sep 2018,2.6540
17 Sep 2018,2.4660
14 Sep 2018,2.4890
13 Sep 2018,2.5300
12 Sep 2018,2.5570
11 Sep 2018,2.5900
10 Sep 2018,2.5730
07 Sep 2018,2.5910
06 Sep 2018,2.4940
05 Sep 2018,2.1640
04 Sep 2018,2.1950
03 Sep 2018,2.2770
31 Aug 2018,2.3090
30 Aug 2018,2.2770
29 Aug 2018,2.3895
28 Aug 2018,2.4255
27 Aug 2018,2.4400
24 Aug 2018,2.3920
23 Aug 2018,2.4540
22 Aug 2018,2.5380
21 Aug 2018,2.6360
20 Aug 2018,2.6250
17 Aug 2018,2.5800
16 Aug 2018,2.5110
15 Aug 2018,2.3450
14 Aug 2018,2.3280
13 Aug 2018,2.1130
10 Aug 2018,1.8260
09 Aug 2018,1.6220
08 Aug 2018,1.4220
07 Aug 2018,1.6130
06 Aug 2018,1.8190
03 Aug 2018,1.8490
02 Aug 2018,1.9700
01 Aug 2018,2.0280
31 Jul 2018,2.0660
30 Jul 2018,2.1980
27 Jul 2018,2.2840
26 Jul 2018,2.3210
25 Jul 2018,2.3490
24 Jul 2018,2.3530
23 Jul 2018,2.3620
20 Jul 2018,2.3460
19 Jul 2018,2.4160
18 Jul 2018,2.5250
17 Jul 2018,2.5910
16 Jul 2018,2.5570
13 Jul 2018,2.4800
12 Jul 2018,2.4870
11 Jul 2018,2.4060
10 Jul 2018,2.3080
09 Jul 2018,1.9910
06 Jul 2018,1.9670
05 Jul 2018,2.1320
04 Jul 2018,2.1990
03 Jul 2018,2.4200
02 Jul 2018,2.5190
29 Jun 2018,2.6280
28 Jun 2018,2.2890
27 Jun 2018,2.4450
26 Jun 2018,2.5180
25 Jun 2018,2.5640
22 Jun 2018,2.5860
21 Jun 2018,2.5930
20 Jun 2018,2.6190
19 Jun 2018,2.5900
15 Jun 2018,2.5920
14 Jun 2018,2.5910
13 Jun 2018,2.5890
12 Jun 2018,2.5840
11 Jun 2018,2.5730
08 Jun 2018,2.5630
07 Jun 2018,2.5550
06 Jun 2018,2.5620
05 Jun 2018,2.5840
04 Jun 2018,2.5990
01 Jun 2018,2.8010
31 May 2018,2.8310
30 May 2018,2.8840
29 May 2018,2.7420
28 May 2018,2.5330
25 May 2018,2.5280
24 May 2018,2.5300
23 May 2018,2.5300
22 May 2018,2.5250
21 May 2018,2.5270
18 May 2018,2.5630
17 May 2018,2.5970
16 May 2018,2.7660
15 May 2018,2.6410
14 May 2018,2.5800
11 May 2018,2.4870
10 May 2018,2.5090
09 May 2018,2.5200
08 May 2018,2.5750
07 May 2018,2.5820
04 May 2018,2.5940
03 May 2018,2.6810
02 May 2018,2.7200
28 Apr 2018,2.8240
27 Apr 2018,2.9210
26 Apr 2018,2.7650
25 Apr 2018,2.7280
24 Apr 2018,2.7360
23 Apr 2018,2.7240
20 Apr 2018,2.7470
19 Apr 2018,2.7330
18 Apr 2018,2.6790
17 Apr 2018,2.6650
16 Apr 2018,2.5820
13 Apr 2018,2.5570
12 Apr 2018,2.5570
11 Apr 2018,2.5610
10 Apr 2018,2.5510
09 Apr 2018,2.5280
08 Apr 2018,2.4460
04 Apr 2018,2.4690
03 Apr 2018,2.5740
02 Apr 2018,2.6220
30 Mar 2018,2.6900
29 Mar 2018,2.5810
28 Mar 2018,2.5920
27 Mar 2018,2.5935
26 Mar 2018,2.5430
23 Mar 2018,2.5450
22 Mar 2018,2.5490
21 Mar 2018,2.5590
20 Mar 2018,2.5580
19 Mar 2018,2.5610
16 Mar 2018,2.5860
15 Mar 2018,2.6320
14 Mar 2018,2.6330
13 Mar 2018,2.6370
12 Mar 2018,2.5860
09 Mar 2018,2.5730
08 Mar 2018,2.5700
07 Mar 2018,2.5920
06 Mar 2018,2.6170
05 Mar 2018,2.6520
02 Mar 2018,2.7730
01 Mar 2018,2.6910
28 Feb 2018,2.7080
27 Feb 2018,2.5610
26 Feb 2018,2.5710
24 Feb 2018,2.5600
23 Feb 2018,2.5970
22 Feb 2018,2.6310
14 Feb 2018,2.7230
13 Feb 2018,2.5870
12 Feb 2018,2.5850
11 Feb 2018,2.6080
09 Feb 2018,2.5890
08 Feb 2018,2.5720
07 Feb 2018,2.5710
06 Feb 2018,2.5390
05 Feb 2018,2.5305
02 Feb 2018,2.5173
01 Feb 2018,2.5154
31 Jan 2018,2.5940
30 Jan 2018,2.5540
29 Jan 2018,2.5660
26 Jan 2018,2.5506
25 Jan 2018,2.5634
24 Jan 2018,2.5740
23 Jan 2018,2.6020
22 Jan 2018,2.7710
19 Jan 2018,2.8360
18 Jan 2018,2.7655
17 Jan 2018,2.7650
16 Jan 2018,2.7850
15 Jan 2018,2.7940
12 Jan 2018,2.8300
11 Jan 2018,2.8320
10 Jan 2018,2.6430
09 Jan 2018,2.5290
08 Jan 2018,2.4610
05 Jan 2018,2.4840
04 Jan 2018,2.5050
03 Jan 2018,2.5635
02 Jan 2018,2.6570
31 Dec 2009,1.1467
30 Dec 2009,1.1488
29 Dec 2009,1.1492
28 Dec 2009,1.1529
25 Dec 2009,1.1500
24 Dec 2009,1.1554
23 Dec 2009,1.1554
22 Dec 2009,1.1529
21 Dec 2009,1.1613
18 Dec 2009,1.1669
17 Dec 2009,1.1650
16 Dec 2009,1.1625
15 Dec 2009,1.1667
14 Dec 2009,1.1733
11 Dec 2009,1.1763
10 Dec 2009,1.1875
09 Dec 2009,1.1971
08 Dec 2009,1.2054
07 Dec 2009,1.2098
04 Dec 2009,1.2183
03 Dec 2009,1.2333
02 Dec 2009,1.2454
01 Dec 2009,1.2525
30 Nov 2009,1.1892
27 Nov 2009,1.1871
26 Nov 2009,1.1863
25 Nov 2009,1.1879
24 Nov 2009,1.1858
23 Nov 2009,1.1888
20 Nov 2009,1.1925
19 Nov 2009,1.1938
18 Nov 2009,1.1946
17 Nov 2009,1.2000
16 Nov 2009,1.2104
13 Nov 2009,1.2171
12 Nov 2009,1.2275
11 Nov 2009,1.2258
10 Nov 2009,1.2332
09 Nov 2009,1.2058
06 Nov 2009,1.2146
05 Nov 2009,1.2129
04 Nov 2009,1.1417
03 Nov 2009,1.1367
02 Nov 2009,1.1358
30 Oct 2009,1.1379
29 Oct 2009,1.1415
28 Oct 2009,1.1446
27 Oct 2009,1.1467
26 Oct 2009,1.1758
23 Oct 2009,1.1867
22 Oct 2009,1.1917
21 Oct 2009,1.1950
20 Oct 2009,1.2254
19 Oct 2009,1.2554
16 Oct 2009,1.2608
15 Oct 2009,1.2638
14 Oct 2009,1.2625
13 Oct 2009,1.2642
12 Oct 2009,1.2671
10 Oct 2009,1.3654
09 Oct 2009,1.6917
30 Sep 2009,1.7742
29 Sep 2009,1.3211
28 Sep 2009,1.3146
27 Sep 2009,1.3088
25 Sep 2009,1.3133
24 Sep 2009,1.3013
23 Sep 2009,1.2933
22 Sep 2009,1.2675
21 Sep 2009,1.2575
18 Sep 2009,1.2583
17 Sep 2009,1.2475
16 Sep 2009,1.1925
15 Sep 2009,1.1298
14 Sep 2009,1.0913
11 Sep 2009,1.0933
10 Sep 2009,1.0892
09 Sep 2009,1.0925
08 Sep 2009,1.0963
07 Sep 2009,1.0950
04 Sep 2009,1.0983
03 Sep 2009,1.0933
02 Sep 2009,1.0846
01 Sep 2009,0.9992
31 Aug 2009,0.9975
28 Aug 2009,1.0108
27 Aug 2009,1.0083
26 Aug 2009,0.9950
25 Aug 2009,0.9933
24 Aug 2009,1.0550
21 Aug 2009,1.0900
20 Aug 2009,1.0925
19 Aug 2009,1.0980
18 Aug 2009,1.1346
17 Aug 2009,1.1575
14 Aug 2009,1.1467
13 Aug 2009,1.1558
12 Aug 2009,1.1546
11 Aug 2009,1.2967
10 Aug 2009,1.3113
07 Aug 2009,1.3158
06 Aug 2009,1.3183
05 Aug 2009,1.3183
04 Aug 2009,1.3225
03 Aug 2009,1.3246
31 Jul 2009,1.2992
30 Jul 2009,1.3475
29 Jul 2009,1.2429
28 Jul 2009,1.4083
27 Jul 2009,1.4442
24 Jul 2009,1.4579
23 Jul 2009,1.4871
22 Jul 2009,1.5013
21 Jul 2009,1.4963
20 Jul 2009,1.3625
17 Jul 2009,1.3763
16 Jul 2009,1.1871
15 Jul 2009,1.1496
14 Jul 2009,1.1446
13 Jul 2009,1.1428
10 Jul 2009,1.0971
09 Jul 2009,1.0950
08 Jul 2009,1.0958
07 Jul 2009,1.0933
06 Jul 2009,1.0938
03 Jul 2009,1.0954
02 Jul 2009,1.0958
01 Jul 2009,1.0975
30 Jun 2009,1.0900
29 Jun 2009,1.0000
26 Jun 2009,0.9621
25 Jun 2009,0.9588
24 Jun 2009,0.9575
23 Jun 2009,0.9579
22 Jun 2009,0.9479
19 Jun 2009,0.9025
18 Jun 2009,0.8450
17 Jun 2009,0.8304
16 Jun 2009,0.8171
15 Jun 2009,0.8179
12 Jun 2009,0.8150
11 Jun 2009,0.8142
10 Jun 2009,0.8163
09 Jun 2009,0.8117
08 Jun 2009,0.8121
05 Jun 2009,0.8121
04 Jun 2009,0.8113
03 Jun 2009,0.8142
02 Jun 2009,0.8133
01 Jun 2009,0.8129
31 May 2009,0.8117
27 May 2009,0.8133
26 May 2009,0.8129
25 May 2009,0.8104
22 May 2009,0.8108
21 May 2009,0.8104
20 May 2009,0.8104
19 May 2009,0.8096
18 May 2009,0.8104
15 May 2009,0.8100
14 May 2009,0.8079
13 May 2009,0.8079
12 May 2009,0.8071
11 May 2009,0.8067
08 May 2009,0.8079
07 May 2009,0.8083
06 May 2009,0.8092
05 May 2009,0.8100
04 May 2009,0.8138
30 Apr 2009,0.8067
29 Apr 2009,0.8083
28 Apr 2009,0.8079
27 Apr 2009,0.8121
24 Apr 2009,0.8129
23 Apr 2009,0.8129
22 Apr 2009,0.8296
21 Apr 2009,0.8233
20 Apr 2009,0.8013
17 Apr 2009,0.8029
16 Apr 2009,0.8008
15 Apr 2009,0.8013
14 Apr 2009,0.8008
13 Apr 2009,0.8025
10 Apr 2009,0.8021
09 Apr 2009,0.8025
08 Apr 2009,0.8021
07 Apr 2009,0.8021
03 Apr 2009,0.8021
02 Apr 2009,0.8033
01 Apr 2009,0.8025
31 Mar 2009,0.8025
30 Mar 2009,0.8038
27 Mar 2009,0.8021
26 Mar 2009,0.8029
25 Mar 2009,0.8025
24 Mar 2009,0.8033
23 Mar 2009,0.8058
20 Mar 2009,0.8046
19 Mar 2009,0.8063
18 Mar 2009,0.8042
17 Mar 2009,0.8046
16 Mar 2009,0.8046
13 Mar 2009,0.8029
12 Mar 2009,0.8033
11 Mar 2009,0.8042
10 Mar 2009,0.8033
09 Mar 2009,0.8067
06 Mar 2009,0.8008
05 Mar 2009,0.8025
04 Mar 2009,0.8008
03 Mar 2009,0.8025
02 Mar 2009,0.8046
27 Feb 2009,0.8067
26 Feb 2009,0.8067
25 Feb 2009,0.8113
24 Feb 2009,0.8150
23 Feb 2009,0.8238
20 Feb 2009,0.8213
19 Feb 2009,0.8238
18 Feb 2009,0.8163
17 Feb 2009,0.8196
16 Feb 2009,0.8204
13 Feb 2009,0.8346
12 Feb 2009,0.8292
11 Feb 2009,0.8388
10 Feb 2009,0.8321
09 Feb 2009,0.8328
06 Feb 2009,0.8242
05 Feb 2009,0.8263
04 Feb 2009,0.8156
03 Feb 2009,0.8264
02 Feb 2009,0.8063
01 Feb 2009,0.9250
24 Jan 2009,0.9283
23 Jan 2009,0.8775
22 Jan 2009,0.8942
21 Jan 2009,0.9133
20 Jan 2009,0.8167
19 Jan 2009,0.8142
16 Jan 2009,0.8136
15 Jan 2009,0.8200
14 Jan 2009,0.8204
13 Jan 2009,0.8217
12 Jan 2009,0.8333
09 Jan 2009,0.8363
08 Jan 2009,0.8829
07 Jan 2009,0.8894
06 Jan 2009,0.8967
05 Jan 2009,0.9086
04 Jan 2009,0.9117
29 Dec 2017,2.8400
28 Dec 2017,2.6720
27 Dec 2017,2.6660
26 Dec 2017,2.5890
25 Dec 2017,2.5690
22 Dec 2017,2.6120
21 Dec 2017,2.6650
20 Dec 2017,2.7300
19 Dec 2017,2.7410
18 Dec 2017,2.7230
15 Dec 2017,2.7240
14 Dec 2017,2.8030
13 Dec 2017,2.7880
12 Dec 2017,2.7260
11 Dec 2017,2.6880
08 Dec 2017,2.6080
07 Dec 2017,2.5850
06 Dec 2017,2.5730
05 Dec 2017,2.5790
04 Dec 2017,2.6000
01 Dec 2017,2.6420
30 Nov 2017,2.7880
29 Nov 2017,2.6830
28 Nov 2017,2.7990
27 Nov 2017,2.8190
24 Nov 2017,2.7970
23 Nov 2017,2.8030
22 Nov 2017,2.8090
21 Nov 2017,2.8080
20 Nov 2017,2.7860
17 Nov 2017,2.7380
16 Nov 2017,2.8000
15 Nov 2017,2.8060
14 Nov 2017,2.8270
13 Nov 2017,2.7870
10 Nov 2017,2.7170
09 Nov 2017,2.6460
08 Nov 2017,2.5950
07 Nov 2017,2.5520
06 Nov 2017,2.5120
03 Nov 2017,2.5772
02 Nov 2017,2.6260
01 Nov 2017,2.7390
31 Oct 2017,2.7360
30 Oct 2017,2.7200
27 Oct 2017,2.7181
26 Oct 2017,2.6937
25 Oct 2017,2.6640
24 Oct 2017,2.6340
23 Oct 2017,2.6160
20 Oct 2017,2.5782
19 Oct 2017,2.5920
18 Oct 2017,2.5960
17 Oct 2017,2.6003
16 Oct 2017,2.5940
13 Oct 2017,2.6050
12 Oct 2017,2.6570
11 Oct 2017,2.7410
10 Oct 2017,2.7380
09 Oct 2017,2.7400
30 Sep 2017,2.9380
29 Sep 2017,2.8040
28 Sep 2017,2.9170
27 Sep 2017,2.8630
26 Sep 2017,2.8370
25 Sep 2017,2.7580
22 Sep 2017,2.7560
21 Sep 2017,2.8057
20 Sep 2017,2.7900
19 Sep 2017,2.8320
18 Sep 2017,2.7560
15 Sep 2017,2.6958
14 Sep 2017,2.6810
13 Sep 2017,2.6500
12 Sep 2017,2.6483
11 Sep 2017,2.6440
08 Sep 2017,2.6360
07 Sep 2017,2.6406
06 Sep 2017,2.6410
05 Sep 2017,2.6650
04 Sep 2017,2.7500
01 Sep 2017,2.8130
31 Aug 2017,2.8310
30 Aug 2017,2.9237
29 Aug 2017,2.9220
28 Aug 2017,2.8510
25 Aug 2017,2.8550
24 Aug 2017,2.8479
23 Aug 2017,2.8453
22 Aug 2017,2.8171
21 Aug 2017,2.8482
18 Aug 2017,2.8355
17 Aug 2017,2.8352
16 Aug 2017,2.8213
15 Aug 2017,2.7980
14 Aug 2017,2.7743
11 Aug 2017,2.7900
10 Aug 2017,2.7970
09 Aug 2017,2.8018
08 Aug 2017,2.7840
07 Aug 2017,2.7360
04 Aug 2017,2.7210
03 Aug 2017,2.8070
02 Aug 2017,2.8320
01 Aug 2017,2.8093
31 Jul 2017,2.8060
28 Jul 2017,2.8152
27 Jul 2017,2.7860
26 Jul 2017,2.7250
25 Jul 2017,2.7147
24 Jul 2017,2.7080
21 Jul 2017,2.7330
20 Jul 2017,2.7534
19 Jul 2017,2.7220
18 Jul 2017,2.7010
17 Jul 2017,2.6329
14 Jul 2017,2.6270
13 Jul 2017,2.6590
12 Jul 2017,2.6460
11 Jul 2017,2.6210
10 Jul 2017,2.5490
07 Jul 2017,2.5330
06 Jul 2017,2.5473
05 Jul 2017,2.5830
04 Jul 2017,2.6897
03 Jul 2017,2.7200
30 Jun 2017,2.6180
29 Jun 2017,2.5390
28 Jun 2017,2.5596
27 Jun 2017,2.6260
26 Jun 2017,2.7170
23 Jun 2017,2.8100
22 Jun 2017,2.8690
21 Jun 2017,2.8890
20 Jun 2017,2.8776
19 Jun 2017,2.8635
16 Jun 2017,2.8528
15 Jun 2017,2.8317
14 Jun 2017,2.8250
13 Jun 2017,2.8320
12 Jun 2017,2.8302
09 Jun 2017,2.8275
08 Jun 2017,2.8199
07 Jun 2017,2.8090
06 Jun 2017,2.8419
05 Jun 2017,2.8167
02 Jun 2017,2.7953
01 Jun 2017,2.6525
31 May 2017,2.6365
27 May 2017,2.6010
26 May 2017,2.6090
25 May 2017,2.6110
24 May 2017,2.6230
23 May 2017,2.6540
22 May 2017,2.6745
19 May 2017,2.7150
18 May 2017,2.7641
17 May 2017,2.7525
16 May 2017,2.7460
15 May 2017,2.7160
12 May 2017,2.7911
11 May 2017,2.8130
10 May 2017,2.8270
09 May 2017,2.8199
08 May 2017,2.8180
05 May 2017,2.8348
04 May 2017,2.8506
03 May 2017,2.8451
02 May 2017,2.8175
28 Apr 2017,2.8190
27 Apr 2017,2.7920
26 Apr 2017,2.7590
25 Apr 2017,2.7514
24 Apr 2017,2.7157
21 Apr 2017,2.6163
20 Apr 2017,2.5987
19 Apr 2017,2.5750
18 Apr 2017,2.4860
17 Apr 2017,2.4440
14 Apr 2017,2.4290
13 Apr 2017,2.4130
12 Apr 2017,2.3885
11 Apr 2017,2.4080
10 Apr 2017,2.4420
07 Apr 2017,2.4957
06 Apr 2017,2.5370
05 Apr 2017,2.4868
01 Apr 2017,2.4970
31 Mar 2017,2.5384
30 Mar 2017,2.5070
29 Mar 2017,2.5210
28 Mar 2017,2.4480
27 Mar 2017,2.4820
24 Mar 2017,2.6040
23 Mar 2017,2.6570
22 Mar 2017,2.6507
21 Mar 2017,2.6477
20 Mar 2017,2.6325
17 Mar 2017,2.6330
16 Mar 2017,2.4410
15 Mar 2017,2.3869
14 Mar 2017,2.3761
13 Mar 2017,2.3790
10 Mar 2017,2.4019
09 Mar 2017,2.4076
08 Mar 2017,2.4061
07 Mar 2017,2.4041
06 Mar 2017,2.4033
03 Mar 2017,2.3690
02 Mar 2017,2.4611
01 Mar 2017,2.4943
28 Feb 2017,2.4930
27 Feb 2017,2.4338
24 Feb 2017,2.4756
23 Feb 2017,2.5271
22 Feb 2017,2.4845
21 Feb 2017,2.4830
20 Feb 2017,2.4086
17 Feb 2017,2.3600
16 Feb 2017,2.3330
15 Feb 2017,2.2658
14 Feb 2017,2.2610
13 Feb 2017,2.2640
10 Feb 2017,2.2678
09 Feb 2017,2.2720
08 Feb 2017,2.2765
07 Feb 2017,2.2810
06 Feb 2017,2.2780
04 Feb 2017,2.2571
03 Feb 2017,2.2180
26 Jan 2017,2.5293
25 Jan 2017,2.1650
24 Jan 2017,2.1640
23 Jan 2017,2.1750
22 Jan 2017,2.1890
20 Jan 2017,2.3760
19 Jan 2017,2.3640
18 Jan 2017,2.3280
17 Jan 2017,2.2563
16 Jan 2017,2.1420
13 Jan 2017,2.1040
12 Jan 2017,2.1030
11 Jan 2017,2.1040
10 Jan 2017,2.0960
09 Jan 2017,2.0940
06 Jan 2017,2.1120
05 Jan 2017,2.1300
04 Jan 2017,2.1720
03 Jan 2017,2.2090
31 Dec 2010,4.5217
30 Dec 2010,5.0996
29 Dec 2010,4.7588
28 Dec 2010,4.5954
27 Dec 2010,4.5079
24 Dec 2010,4.2583
23 Dec 2010,3.2550
22 Dec 2010,2.5533
21 Dec 2010,2.3521
20 Dec 2010,2.1035
17 Dec 2010,1.9954
16 Dec 2010,2.0008
15 Dec 2010,2.0158
14 Dec 2010,1.9985
13 Dec 2010,2.0067
10 Dec 2010,2.0108
09 Dec 2010,2.0092
08 Dec 2010,2.0979
07 Dec 2010,1.9858
06 Dec 2010,1.8800
03 Dec 2010,1.9982
02 Dec 2010,2.2372
01 Dec 2010,2.2300
30 Nov 2010,2.1300
29 Nov 2010,1.9217
26 Nov 2010,1.8925
25 Nov 2010,1.8913
24 Nov 2010,1.9055
23 Nov 2010,1.9815
22 Nov 2010,1.9600
19 Nov 2010,1.8188
18 Nov 2010,1.8029
17 Nov 2010,1.7292
16 Nov 2010,1.6508
15 Nov 2010,1.5921
12 Nov 2010,1.5258
11 Nov 2010,1.5200
10 Nov 2010,1.5188
09 Nov 2010,1.5208
08 Nov 2010,1.5288
05 Nov 2010,1.5325
04 Nov 2010,1.5592
03 Nov 2010,1.5738
02 Nov 2010,1.5788
01 Nov 2010,1.5833
29 Oct 2010,1.5842
28 Oct 2010,1.5238
27 Oct 2010,1.5233
26 Oct 2010,1.5283
25 Oct 2010,1.5829
22 Oct 2010,1.5904
21 Oct 2010,1.5913
20 Oct 2010,1.5958
19 Oct 2010,1.5929
18 Oct 2010,1.5946
15 Oct 2010,1.5925
14 Oct 2010,1.6187
13 Oct 2010,1.6358
12 Oct 2010,1.6375
11 Oct 2010,1.6683
09 Oct 2010,1.7299
08 Oct 2010,1.7325
30 Sep 2010,2.5975
29 Sep 2010,1.7466
28 Sep 2010,1.7814
27 Sep 2010,1.7123
26 Sep 2010,1.7735
25 Sep 2010,1.8971
21 Sep 2010,1.8069
20 Sep 2010,1.6446
19 Sep 2010,1.4530
17 Sep 2010,1.5204
16 Sep 2010,1.6588
15 Sep 2010,1.6696
14 Sep 2010,1.5988
13 Sep 2010,1.4963
10 Sep 2010,1.5583
09 Sep 2010,1.6383
08 Sep 2010,1.7054
07 Sep 2010,1.8400
06 Sep 2010,1.9729
03 Sep 2010,1.9792
02 Sep 2010,1.9806
01 Sep 2010,2.5350
31 Aug 2010,2.3200
30 Aug 2010,2.0533
27 Aug 2010,1.9563
26 Aug 2010,1.6317
25 Aug 2010,1.5417
24 Aug 2010,1.5171
23 Aug 2010,1.4967
20 Aug 2010,1.5379
19 Aug 2010,1.5204
18 Aug 2010,1.4946
17 Aug 2010,1.4717
16 Aug 2010,1.4717
13 Aug 2010,1.4729
12 Aug 2010,1.4729
11 Aug 2010,1.4688
10 Aug 2010,1.4658
09 Aug 2010,1.4658
06 Aug 2010,1.4692
05 Aug 2010,1.4725
04 Aug 2010,1.4729
03 Aug 2010,1.4675
02 Aug 2010,1.4696
30 Jul 2010,1.4696
29 Jul 2010,1.4446
28 Jul 2010,1.4433
27 Jul 2010,1.4404
26 Jul 2010,1.4679
23 Jul 2010,1.4275
22 Jul 2010,1.4483
21 Jul 2010,1.4729
20 Jul 2010,1.4763
19 Jul 2010,1.4442
16 Jul 2010,1.4433
15 Jul 2010,1.4608
14 Jul 2010,1.5186
13 Jul 2010,1.6479
12 Jul 2010,1.6916
09 Jul 2010,1.7206
08 Jul 2010,1.9842
07 Jul 2010,2.1291
06 Jul 2010,2.1567
05 Jul 2010,2.1650
02 Jul 2010,2.1942
01 Jul 2010,2.2492
30 Jun 2010,2.2683
29 Jun 2010,2.2785
28 Jun 2010,2.2883
25 Jun 2010,2.2933
24 Jun 2010,2.3067
23 Jun 2010,2.2408
22 Jun 2010,2.2463
21 Jun 2010,2.2292
18 Jun 2010,2.2142
17 Jun 2010,2.1800
13 Jun 2010,2.1892
12 Jun 2010,2.2053
11 Jun 2010,1.9788
10 Jun 2010,1.9350
09 Jun 2010,1.8454
08 Jun 2010,1.8413
07 Jun 2010,1.7041
04 Jun 2010,2.1024
03 Jun 2010,2.7513
02 Jun 2010,2.7654
01 Jun 2010,2.7408
31 May 2010,2.3725
28 May 2010,2.2100
27 May 2010,2.3200
26 May 2010,2.1592
25 May 2010,1.8550
24 May 2010,1.7425
21 May 2010,1.6588
20 May 2010,1.5502
19 May 2010,1.5454
18 May 2010,1.5438
17 May 2010,1.5433
14 May 2010,1.5000
13 May 2010,1.4983
12 May 2010,1.5008
11 May 2010,1.5042
10 May 2010,1.5054
07 May 2010,1.4088
06 May 2010,1.4088
05 May 2010,1.4093
04 May 2010,1.3979
30 Apr 2010,1.3973
29 Apr 2010,1.3529
28 Apr 2010,1.3425
27 Apr 2010,1.3319
26 Apr 2010,1.2896
23 Apr 2010,1.2888
22 Apr 2010,1.2933
21 Apr 2010,1.2917
20 Apr 2010,1.2896
19 Apr 2010,1.2875
16 Apr 2010,1.2874
15 Apr 2010,1.2813
14 Apr 2010,1.2838
13 Apr 2010,1.2833
12 Apr 2010,1.2842
09 Apr 2010,1.2913
08 Apr 2010,1.2925
07 Apr 2010,1.2971
06 Apr 2010,1.3096
02 Apr 2010,1.3125
01 Apr 2010,1.3045
31 Mar 2010,1.3388
30 Mar 2010,1.2946
29 Mar 2010,1.3025
26 Mar 2010,1.3042
25 Mar 2010,1.3083
24 Mar 2010,1.3133
23 Mar 2010,1.3146
22 Mar 2010,1.3163
19 Mar 2010,1.3238
18 Mar 2010,1.3246
17 Mar 2010,1.3275
16 Mar 2010,1.3354
15 Mar 2010,1.3375
12 Mar 2010,1.3446
11 Mar 2010,1.3563
10 Mar 2010,1.3592
09 Mar 2010,1.3663
08 Mar 2010,1.3785
05 Mar 2010,1.3842
04 Mar 2010,1.4017
03 Mar 2010,1.4075
02 Mar 2010,1.4242
01 Mar 2010,1.4295
26 Feb 2010,1.4315
25 Feb 2010,1.4521
24 Feb 2010,1.4375
23 Feb 2010,1.4321
22 Feb 2010,1.4313
21 Feb 2010,1.4815
20 Feb 2010,1.9858
12 Feb 2010,2.2538
11 Feb 2010,2.4967
10 Feb 2010,1.4992
09 Feb 2010,1.4050
08 Feb 2010,1.3567
05 Feb 2010,1.3583
04 Feb 2010,1.3575
03 Feb 2010,1.3567
02 Feb 2010,1.3575
01 Feb 2010,1.3546
29 Jan 2010,1.3592
28 Jan 2010,1.3588
27 Jan 2010,1.3150
26 Jan 2010,1.1958
25 Jan 2010,1.1879
22 Jan 2010,1.0423
21 Jan 2010,1.0283
20 Jan 2010,1.0275
19 Jan 2010,1.0271
18 Jan 2010,1.0271
15 Jan 2010,1.0283
14 Jan 2010,1.0475
13 Jan 2010,1.0854
12 Jan 2010,1.0336
11 Jan 2010,1.0471
08 Jan 2010,1.0608
07 Jan 2010,1.0797
06 Jan 2010,1.1183
05 Jan 2010,1.1150
04 Jan 2010,1.1175
31 Dec 2019,1.6940
30 Dec 2019,1.2000
27 Dec 2019,1.0750
26 Dec 2019,0.8480
25 Dec 2019,0.9430
24 Dec 2019,1.1140
23 Dec 2019,1.5570
20 Dec 2019,1.8140
19 Dec 2019,2.0575
18 Dec 2019,2.4850
17 Dec 2019,2.5060
16 Dec 2019,2.4370
13 Dec 2019,2.1330
12 Dec 2019,2.0530
11 Dec 2019,2.0810
10 Dec 2019,2.1980
09 Dec 2019,2.3450
06 Dec 2019,2.0730
05 Dec 2019,1.9060
04 Dec 2019,1.9710
03 Dec 2019,2.1320
02 Dec 2019,2.2330
29 Nov 2019,2.3560
28 Nov 2019,2.0780
27 Nov 2019,2.2330
26 Nov 2019,2.3230
25 Nov 2019,2.2340
22 Nov 2019,1.9480
21 Nov 2019,1.8490
20 Nov 2019,1.8990
19 Nov 2019,2.3430
18 Nov 2019,2.7070
15 Nov 2019,2.6930
14 Nov 2019,2.6660
13 Nov 2019,2.5980
12 Nov 2019,2.3760
11 Nov 2019,2.0330
08 Nov 2019,1.9020
07 Nov 2019,1.9150
06 Nov 2019,1.7880
05 Nov 2019,1.8800
04 Nov 2019,2.0750
01 Nov 2019,2.3010
31 Oct 2019,2.5900
30 Oct 2019,2.3030
29 Oct 2019,2.3680
28 Oct 2019,2.4780
25 Oct 2019,2.5060
24 Oct 2019,2.4460
23 Oct 2019,2.6540
22 Oct 2019,2.7990
21 Oct 2019,2.6820
18 Oct 2019,2.6180
17 Oct 2019,2.5850
16 Oct 2019,2.6940
15 Oct 2019,2.7030
14 Oct 2019,2.5550
12 Oct 2019,2.2150
11 Oct 2019,1.9110
10 Oct 2019,2.0160
09 Oct 2019,2.2020
08 Oct 2019,2.6270
30 Sep 2019,2.6350
29 Sep 2019,1.2490
27 Sep 2019,1.3130
26 Sep 2019,1.6370
25 Sep 2019,2.0460
24 Sep 2019,2.3690
23 Sep 2019,2.7590
20 Sep 2019,2.7460
19 Sep 2019,2.7370
18 Sep 2019,2.6330
17 Sep 2019,2.5650
16 Sep 2019,2.3360
12 Sep 2019,2.3690
11 Sep 2019,2.4510
10 Sep 2019,2.5530
09 Sep 2019,2.6070
06 Sep 2019,2.5970
05 Sep 2019,2.5360
04 Sep 2019,2.4450
03 Sep 2019,2.5130
02 Sep 2019,2.5500
30 Aug 2019,2.5720
29 Aug 2019,2.4780
28 Aug 2019,2.6090
27 Aug 2019,2.6770
26 Aug 2019,2.6390
23 Aug 2019,2.5860
22 Aug 2019,2.5440
21 Aug 2019,2.5832
20 Aug 2019,2.6420
19 Aug 2019,2.6660
16 Aug 2019,2.6650
15 Aug 2019,2.6590
14 Aug 2019,2.6890
13 Aug 2019,2.6670
12 Aug 2019,2.6290
09 Aug 2019,2.5960
08 Aug 2019,2.5000
07 Aug 2019,2.2200
06 Aug 2019,2.2610
05 Aug 2019,2.5440
02 Aug 2019,2.6340
01 Aug 2019,2.6340
31 Jul 2019,2.6420
30 Jul 2019,2.6210
29 Jul 2019,2.6290
26 Jul 2019,2.6360
25 Jul 2019,2.6280
24 Jul 2019,2.4810
23 Jul 2019,2.5620
22 Jul 2019,2.6698
19 Jul 2019,2.8270
18 Jul 2019,2.7720
17 Jul 2019,2.7110
16 Jul 2019,2.7250
15 Jul 2019,2.6175
12 Jul 2019,2.2350
11 Jul 2019,1.9980
10 Jul 2019,1.8140
09 Jul 2019,1.7730
08 Jul 2019,1.4450
05 Jul 2019,1.0550
04 Jul 2019,0.8440
03 Jul 2019,0.8770
02 Jul 2019,0.9140
01 Jul 2019,1.0650
28 Jun 2019,1.3705
27 Jun 2019,0.9615
26 Jun 2019,0.9910
25 Jun 2019,1.0230
24 Jun 2019,1.0000
21 Jun 2019,1.1120
20 Jun 2019,1.2530
19 Jun 2019,1.4470
18 Jun 2019,1.6010
17 Jun 2019,1.8010
14 Jun 2019,1.7230
13 Jun 2019,1.9240
12 Jun 2019,1.9390
11 Jun 2019,2.0530
10 Jun 2019,1.8480
06 Jun 2019,1.5210
05 Jun 2019,1.5930
04 Jun 2019,1.7380
03 Jun 2019,2.0030
31 May 2019,2.1940
30 May 2019,2.0670
29 May 2019,2.4910
28 May 2019,2.7600
27 May 2019,2.6660
24 May 2019,2.3420
23 May 2019,2.5840
22 May 2019,2.6230
21 May 2019,2.7500
20 May 2019,2.5845
17 May 2019,2.1340
16 May 2019,2.2810
15 May 2019,2.5334
14 May 2019,2.4123
13 May 2019,2.1560
10 May 2019,1.8260
09 May 2019,1.5130
08 May 2019,1.1410
07 May 2019,1.3910
06 May 2019,1.6420
05 May 2019,1.7900
30 Apr 2019,2.0860
29 Apr 2019,1.7000
28 Apr 2019,2.0700
26 Apr 2019,2.4960
25 Apr 2019,2.7850
24 Apr 2019,2.7520
23 Apr 2019,2.8280
22 Apr 2019,2.5570
19 Apr 2019,2.6610
18 Apr 2019,2.8120
17 Apr 2019,2.9980
16 Apr 2019,2.8830
15 Apr 2019,2.7970
12 Apr 2019,2.6520
11 Apr 2019,2.7350
10 Apr 2019,2.2780
09 Apr 2019,1.7970
08 Apr 2019,1.4280
04 Apr 2019,1.4170
03 Apr 2019,1.6630
02 Apr 2019,1.9560
01 Apr 2019,2.3150
29 Mar 2019,2.4860
28 Mar 2019,2.0410
27 Mar 2019,2.2860
26 Mar 2019,2.4950
25 Mar 2019,2.5350
22 Mar 2019,2.6200
21 Mar 2019,2.6610
20 Mar 2019,2.7140
19 Mar 2019,2.6660
18 Mar 2019,2.7560
15 Mar 2019,2.6550
14 Mar 2019,2.3100
13 Mar 2019,2.0790
12 Mar 2019,2.3650
11 Mar 2019,2.0920
08 Mar 2019,2.0470
07 Mar 2019,2.0600
06 Mar 2019,2.0740
05 Mar 2019,2.2660
04 Mar 2019,1.9330
01 Mar 2019,2.1550
28 Feb 2019,2.5840
27 Feb 2019,2.6540
26 Feb 2019,2.7050
25 Feb 2019,2.6050
22 Feb 2019,2.4310
21 Feb 2019,2.0300
20 Feb 2019,1.8540
19 Feb 2019,1.9670
18 Feb 2019,1.8224
15 Feb 2019,1.7130
14 Feb 2019,1.7210
13 Feb 2019,1.7220
12 Feb 2019,2.0170
11 Feb 2019,2.2650
03 Feb 2019,2.0860
02 Feb 2019,2.2640
01 Feb 2019,2.1000
31 Jan 2019,2.2380
30 Jan 2019,2.0021
29 Jan 2019,2.0780
28 Jan 2019,2.1940
25 Jan 2019,2.3620
24 Jan 2019,2.2630
23 Jan 2019,2.2440
22 Jan 2019,2.2430
21 Jan 2019,2.2400
18 Jan 2019,2.1785
17 Jan 2019,2.2590
16 Jan 2019,2.3060
15 Jan 2019,2.2450
14 Jan 2019,1.8780
11 Jan 2019,1.7080
10 Jan 2019,1.7430
09 Jan 2019,1.5670
08 Jan 2019,1.4140
07 Jan 2019,1.4470
04 Jan 2019,1.6490
03 Jan 2019,1.9680
02 Jan 2019,2.3000
30 Dec 2022,1.9570
29 Dec 2022,0.4410
28 Dec 2022,0.5220
27 Dec 2022,0.6320
26 Dec 2022,0.8200
23 Dec 2022,0.5850
22 Dec 2022,0.7830
21 Dec 2022,0.9210
20 Dec 2022,1.1660
19 Dec 2022,1.2170
16 Dec 2022,1.2240
15 Dec 2022,1.2230
14 Dec 2022,1.1990
13 Dec 2022,1.0320
12 Dec 2022,1.0520
09 Dec 2022,1.0710
08 Dec 2022,1.0640
07 Dec 2022,1.0070
06 Dec 2022,1.0430
05 Dec 2022,1.0800
02 Dec 2022,1.1570
01 Dec 2022,1.4580
30 Nov 2022,1.5150
29 Nov 2022,1.0230
28 Nov 2022,1.0330
25 Nov 2022,1.0210
24 Nov 2022,1.0440
23 Nov 2022,1.0390
22 Nov 2022,0.8710
21 Nov 2022,1.1390
18 Nov 2022,1.3640
17 Nov 2022,1.6990
16 Nov 2022,1.9360
15 Nov 2022,1.8530
14 Nov 2022,1.6460
11 Nov 2022,1.7040
10 Nov 2022,1.8260
09 Nov 2022,1.8080
08 Nov 2022,1.7560
07 Nov 2022,1.6200
04 Nov 2022,1.3860
03 Nov 2022,1.3240
02 Nov 2022,1.7550
01 Nov 2022,1.8430
31 Oct 2022,1.7390
28 Oct 2022,1.3270
27 Oct 2022,1.7640
26 Oct 2022,1.7750
25 Oct 2022,1.7630
24 Oct 2022,1.3940
21 Oct 2022,1.2300
20 Oct 2022,1.1540
19 Oct 2022,1.1160
18 Oct 2022,1.1340
17 Oct 2022,1.1670
14 Oct 2022,1.1330
13 Oct 2022,1.1820
12 Oct 2022,1.1550
11 Oct 2022,1.1830
10 Oct 2022,1.1100
09 Oct 2022,1.1780
08 Oct 2022,1.6520
30 Sep 2022,2.0810
29 Sep 2022,0.9640
28 Sep 2022,1.2700
27 Sep 2022,1.3990
26 Sep 2022,1.4290
23 Sep 2022,1.4650
22 Sep 2022,1.4610
21 Sep 2022,1.4680
20 Sep 2022,1.4580
19 Sep 2022,1.4100
16 Sep 2022,1.2940
15 Sep 2022,1.2260
14 Sep 2022,1.1730
13 Sep 2022,1.1710
09 Sep 2022,1.1730
08 Sep 2022,1.1590
07 Sep 2022,1.1130
06 Sep 2022,1.0690
05 Sep 2022,1.0330
02 Sep 2022,1.1750
01 Sep 2022,1.4630
31 Aug 2022,1.4010
30 Aug 2022,1.1240
29 Aug 2022,1.2350
26 Aug 2022,1.2580
25 Aug 2022,1.1530
24 Aug 2022,1.1220
23 Aug 2022,1.1090
22 Aug 2022,1.1433
19 Aug 2022,1.2110
18 Aug 2022,1.1870
17 Aug 2022,1.1380
16 Aug 2022,1.0750
15 Aug 2022,1.0430
12 Aug 2022,1.0440
11 Aug 2022,1.0300
10 Aug 2022,1.0680
09 Aug 2022,1.0180
08 Aug 2022,1.0130
05 Aug 2022,1.0190
04 Aug 2022,1.0250
03 Aug 2022,1.0260
02 Aug 2022,1.0760
01 Aug 2022,1.1770
29 Jul 2022,1.2540
28 Jul 2022,1.0140
27 Jul 2022,1.0080
26 Jul 2022,1.0180
25 Jul 2022,1.0740
22 Jul 2022,1.1940
21 Jul 2022,1.2540
20 Jul 2022,1.2700
19 Jul 2022,1.2420
18 Jul 2022,1.2180
15 Jul 2022,1.2110
14 Jul 2022,1.1950
13 Jul 2022,1.2190
12 Jul 2022,1.2110
11 Jul 2022,1.2230
08 Jul 2022,1.2160
07 Jul 2022,1.2220
06 Jul 2022,1.2100
05 Jul 2022,1.3670
04 Jul 2022,1.4180
01 Jul 2022,1.4410
30 Jun 2022,1.9010
29 Jun 2022,1.3720
28 Jun 2022,1.4380
27 Jun 2022,1.4380
24 Jun 2022,1.4350
23 Jun 2022,1.4370
22 Jun 2022,1.4440
21 Jun 2022,1.4380
20 Jun 2022,1.4180
17 Jun 2022,1.4140
16 Jun 2022,1.4130
15 Jun 2022,1.4130
14 Jun 2022,1.4130
13 Jun 2022,1.4080
10 Jun 2022,1.4030
09 Jun 2022,1.4140
08 Jun 2022,1.4190
07 Jun 2022,1.4210
06 Jun 2022,1.4540
02 Jun 2022,1.4320
01 Jun 2022,1.4130
31 May 2022,1.5880
30 May 2022,1.4050
27 May 2022,1.3810
26 May 2022,1.3640
25 May 2022,1.3470
24 May 2022,1.3250
23 May 2022,1.3230
20 May 2022,1.3220
19 May 2022,1.4140
18 May 2022,1.3260
17 May 2022,1.3250
16 May 2022,1.3110
13 May 2022,1.3100
12 May 2022,1.3090
11 May 2022,1.3250
10 May 2022,1.3050
09 May 2022,1.3090
07 May 2022,1.2940
06 May 2022,1.3510
05 May 2022,1.7830
29 Apr 2022,1.8380
28 Apr 2022,1.3010
27 Apr 2022,1.3030
26 Apr 2022,1.3060
25 Apr 2022,1.3030
24 Apr 2022,1.3020
22 Apr 2022,1.2550
21 Apr 2022,1.2940
20 Apr 2022,1.3030
19 Apr 2022,1.2940
18 Apr 2022,1.4030
15 Apr 2022,1.3390
14 Apr 2022,1.5520
13 Apr 2022,1.6650
12 Apr 2022,1.7720
11 Apr 2022,1.8560
08 Apr 2022,1.7510
07 Apr 2022,1.8250
06 Apr 2022,1.8480
02 Apr 2022,1.3080
01 Apr 2022,1.6040
31 Mar 2022,2.0110
30 Mar 2022,1.5570
29 Mar 2022,1.7270
28 Mar 2022,1.9460
25 Mar 2022,2.0010
24 Mar 2022,2.0050
23 Mar 2022,2.0030
22 Mar 2022,1.9460
21 Mar 2022,2.0150
18 Mar 2022,1.9920
17 Mar 2022,2.0090
16 Mar 2022,2.0400
15 Mar 2022,2.0630
14 Mar 2022,2.0630
11 Mar 2022,2.0510
10 Mar 2022,2.0250
09 Mar 2022,2.0240
08 Mar 2022,2.0560
07 Mar 2022,2.0390
04 Mar 2022,1.9020
03 Mar 2022,1.7290
02 Mar 2022,1.8870
01 Mar 2022,1.8010
28 Feb 2022,2.2340
25 Feb 2022,2.2310
24 Feb 2022,2.1970
23 Feb 2022,2.0430
22 Feb 2022,2.0390
21 Feb 2022,2.1950
18 Feb 2022,2.1100
17 Feb 2022,1.8550
16 Feb 2022,1.9420
15 Feb 2022,1.8070
14 Feb 2022,1.8660
11 Feb 2022,1.8120
10 Feb 2022,1.6730
09 Feb 2022,1.7280
08 Feb 2022,2.0440
07 Feb 2022,2.1120
30 Jan 2022,2.1550
29 Jan 2022,1.2550
28 Jan 2022,1.2000
27 Jan 2022,1.6140
26 Jan 2022,1.7400
25 Jan 2022,1.9310
24 Jan 2022,1.9350
21 Jan 2022,2.0630
20 Jan 2022,2.0350
19 Jan 2022,2.0350
18 Jan 2022,1.9210
17 Jan 2022,2.1130
14 Jan 2022,2.2090
13 Jan 2022,2.2180
12 Jan 2022,1.9720
11 Jan 2022,1.9840
10 Jan 2022,1.8780
07 Jan 2022,1.8390
06 Jan 2022,1.7140
05 Jan 2022,1.7770
04 Jan 2022,1.9250
29 Dec 2023,1.7460
28 Dec 2023,1.4290
27 Dec 2023,1.4670
26 Dec 2023,1.4940
25 Dec 2023,1.5920
22 Dec 2023,1.6160
21 Dec 2023,1.7110
20 Dec 2023,1.5920
19 Dec 2023,1.5700
18 Dec 2023,1.6230
15 Dec 2023,1.5940
14 Dec 2023,1.6280
13 Dec 2023,1.6340
12 Dec 2023,1.7610
11 Dec 2023,1.7550
08 Dec 2023,1.6300
07 Dec 2023,1.6190
06 Dec 2023,1.6060
05 Dec 2023,1.7140
04 Dec 2023,1.7240
01 Dec 2023,1.6180
30 Nov 2023,1.8580
29 Nov 2023,1.6080
28 Nov 2023,1.7110
27 Nov 2023,1.8090
24 Nov 2023,1.8370
23 Nov 2023,1.8960
22 Nov 2023,1.8990
21 Nov 2023,1.8900
20 Nov 2023,1.8970
17 Nov 2023,1.8822
16 Nov 2023,1.9070
15 Nov 2023,1.8630
14 Nov 2023,1.9130
13 Nov 2023,1.7540
10 Nov 2023,1.7010
09 Nov 2023,1.6470
08 Nov 2023,1.7300
07 Nov 2023,1.6370
06 Nov 2023,1.5790
03 Nov 2023,1.6230
02 Nov 2023,1.4940
01 Nov 2023,1.7890
31 Oct 2023,1.7500
30 Oct 2023,1.6950
27 Oct 2023,1.6260
26 Oct 2023,1.6500
25 Oct 2023,1.9520
24 Oct 2023,1.8770
23 Oct 2023,1.9310
20 Oct 2023,1.9070
19 Oct 2023,1.8590
18 Oct 2023,1.8350
17 Oct 2023,1.8140
16 Oct 2023,1.7220
13 Oct 2023,1.7410
12 Oct 2023,1.8100
11 Oct 2023,1.8640
10 Oct 2023,1.8270
09 Oct 2023,1.7300
08 Oct 2023,1.5970
07 Oct 2023,1.7010
28 Sep 2023,2.1550
27 Sep 2023,1.7060
26 Sep 2023,1.7410
25 Sep 2023,1.6940
22 Sep 2023,1.7270
21 Sep 2023,1.8840
20 Sep 2023,2.0380
19 Sep 2023,1.8370
18 Sep 2023,1.9120
15 Sep 2023,1.7630
14 Sep 2023,1.7660
13 Sep 2023,1.5240
12 Sep 2023,1.8340
11 Sep 2023,1.9060
08 Sep 2023,1.8930
07 Sep 2023,1.8400
06 Sep 2023,1.4930
05 Sep 2023,1.3900
04 Sep 2023,1.5280
01 Sep 2023,1.6770
31 Aug 2023,1.8650
30 Aug 2023,1.9110
29 Aug 2023,1.9730
28 Aug 2023,1.9100
25 Aug 2023,1.8190
24 Aug 2023,1.5690
23 Aug 2023,1.7380
22 Aug 2023,1.8180
21 Aug 2023,1.9370
18 Aug 2023,1.9460
17 Aug 2023,1.8420
16 Aug 2023,1.8330
15 Aug 2023,1.7700
14 Aug 2023,1.6840
11 Aug 2023,1.3310
10 Aug 2023,1.3400
09 Aug 2023,1.5410
08 Aug 2023,1.3610
07 Aug 2023,1.5180
04 Aug 2023,1.1410
03 Aug 2023,1.0830
02 Aug 2023,1.3010
01 Aug 2023,1.5580
31 Jul 2023,1.8470
28 Jul 2023,1.4730
27 Jul 2023,1.3960
26 Jul 2023,1.4590
25 Jul 2023,1.5160
24 Jul 2023,1.5340
21 Jul 2023,1.5310
20 Jul 2023,1.5580
19 Jul 2023,1.6500
18 Jul 2023,1.5310
17 Jul 2023,1.3120
14 Jul 2023,1.3320
13 Jul 2023,1.4390
12 Jul 2023,1.2350
11 Jul 2023,1.1830
10 Jul 2023,1.1540
07 Jul 2023,1.1040
06 Jul 2023,1.0480
05 Jul 2023,1.1170
04 Jul 2023,1.1880
03 Jul 2023,1.0560
30 Jun 2023,1.4840
29 Jun 2023,1.0860
28 Jun 2023,1.1070
27 Jun 2023,1.1120
26 Jun 2023,1.1500
25 Jun 2023,1.4130
21 Jun 2023,1.8440
20 Jun 2023,1.9890
19 Jun 2023,2.2280
16 Jun 2023,1.9200
15 Jun 2023,1.4300
14 Jun 2023,1.3210
13 Jun 2023,1.6730
12 Jun 2023,1.2890
09 Jun 2023,1.2510
08 Jun 2023,1.3390
07 Jun 2023,1.4040
06 Jun 2023,1.2750
05 Jun 2023,1.2300
02 Jun 2023,1.3070
01 Jun 2023,1.7400
31 May 2023,1.7160
30 May 2023,1.2960
29 May 2023,1.3700
26 May 2023,1.4380
25 May 2023,1.5780
24 May 2023,1.2710
23 May 2023,1.2240
22 May 2023,1.2760
19 May 2023,1.4080
18 May 2023,1.4630
17 May 2023,1.5400
16 May 2023,1.4760
15 May 2023,1.5230
12 May 2023,1.3200
11 May 2023,1.1020
10 May 2023,1.1100
09 May 2023,1.2390
08 May 2023,1.4080
06 May 2023,1.0950
05 May 2023,1.2340
04 May 2023,1.6580
28 Apr 2023,2.1340
27 Apr 2023,0.8680
26 Apr 2023,1.2170
25 Apr 2023,1.6830
24 Apr 2023,1.5990
23 Apr 2023,1.8060
21 Apr 2023,2.2720
20 Apr 2023,2.2070
19 Apr 2023,2.1300
18 Apr 2023,2.0470
17 Apr 2023,1.8180
14 Apr 2023,1.6050
13 Apr 2023,1.3260
12 Apr 2023,1.3900
11 Apr 2023,1.4210
10 Apr 2023,1.3240
07 Apr 2023,1.3740
06 Apr 2023,1.3400
04 Apr 2023,1.1030
03 Apr 2023,1.3540
31 Mar 2023,1.8380
30 Mar 2023,0.8360
29 Mar 2023,0.9010
28 Mar 2023,1.1210
27 Mar 2023,1.1060
24 Mar 2023,1.2880
23 Mar 2023,1.5580
22 Mar 2023,2.0240
21 Mar 2023,2.4590
20 Mar 2023,2.2730
17 Mar 2023,2.2620
16 Mar 2023,2.2940
15 Mar 2023,2.1090
14 Mar 2023,1.8290
13 Mar 2023,1.6140
10 Mar 2023,1.8290
09 Mar 2023,1.3730
08 Mar 2023,1.6480
07 Mar 2023,1.4360
06 Mar 2023,1.2310
03 Mar 2023,1.2910
02 Mar 2023,1.6200
01 Mar 2023,2.0870
28 Feb 2023,2.0830
27 Feb 2023,1.8170
24 Feb 2023,1.4330
23 Feb 2023,1.4750
22 Feb 2023,1.7650
21 Feb 2023,2.1950
20 Feb 2023,2.1570
17 Feb 2023,2.1150
16 Feb 2023,2.0050
15 Feb 2023,1.9020
14 Feb 2023,1.5760
13 Feb 2023,1.4120
10 Feb 2023,1.8650
09 Feb 2023,2.3180
08 Feb 2023,2.3650
07 Feb 2023,2.2410
06 Feb 2023,1.7820
03 Feb 2023,1.2620
02 Feb 2023,1.6350
01 Feb 2023,2.1190
31 Jan 2023,1.9880
30 Jan 2023,1.4110
29 Jan 2023,1.2020
28 Jan 2023,1.4320
20 Jan 2023,1.8340
19 Jan 2023,1.6560
18 Jan 2023,1.9330
17 Jan 2023,1.8520
16 Jan 2023,1.5680
13 Jan 2023,1.2420
12 Jan 2023,1.4650
11 Jan 2023,1.4260
10 Jan 2023,1.1160
09 Jan 2023,0.6710
06 Jan 2023,0.5390
05 Jan 2023,0.5740
04 Jan 2023,1.0030
03 Jan 2023,1.4750
30 Dec 2016,2.2300
29 Dec 2016,2.2270
28 Dec 2016,2.2460
27 Dec 2016,2.2640
26 Dec 2016,2.2940
23 Dec 2016,2.3230
22 Dec 2016,2.3410
21 Dec 2016,2.3450
20 Dec 2016,2.3450
19 Dec 2016,2.3350
16 Dec 2016,2.3300
15 Dec 2016,2.3110
14 Dec 2016,2.3000
13 Dec 2016,2.2960
12 Dec 2016,2.2920
09 Dec 2016,2.2925
08 Dec 2016,2.2908
07 Dec 2016,2.2920
06 Dec 2016,2.2990
05 Dec 2016,2.3080
02 Dec 2016,2.3200
01 Dec 2016,2.3250
30 Nov 2016,2.3160
29 Nov 2016,2.3020
28 Nov 2016,2.2980
25 Nov 2016,2.2890
24 Nov 2016,2.2820
23 Nov 2016,2.2770
22 Nov 2016,2.2730
21 Nov 2016,2.2710
18 Nov 2016,2.2650
17 Nov 2016,2.2590
16 Nov 2016,2.2570
15 Nov 2016,2.2470
14 Nov 2016,2.2310
11 Nov 2016,2.2110
10 Nov 2016,2.1960
09 Nov 2016,2.1820
08 Nov 2016,2.1870
07 Nov 2016,2.2060
04 Nov 2016,2.2320
03 Nov 2016,2.2450
02 Nov 2016,2.2492
01 Nov 2016,2.2520
31 Oct 2016,2.2530
28 Oct 2016,2.2540
27 Oct 2016,2.2540
26 Oct 2016,2.2480
25 Oct 2016,2.2380
24 Oct 2016,2.2310
21 Oct 2016,2.2220
20 Oct 2016,2.2080
19 Oct 2016,2.1960
18 Oct 2016,2.1730
17 Oct 2016,2.1590
14 Oct 2016,2.1530
13 Oct 2016,2.1510
12 Oct 2016,2.1500
11 Oct 2016,2.1530
10 Oct 2016,2.1620
09 Oct 2016,2.1750
08 Oct 2016,2.1930
30 Sep 2016,2.3270
29 Sep 2016,2.1880
28 Sep 2016,2.1780
27 Sep 2016,2.1660
26 Sep 2016,2.1640
23 Sep 2016,2.1668
22 Sep 2016,2.1680
21 Sep 2016,2.1670
20 Sep 2016,2.1590
19 Sep 2016,2.1540
18 Sep 2016,2.1400
14 Sep 2016,2.1280
13 Sep 2016,2.1080
12 Sep 2016,2.0950
09 Sep 2016,2.0850
08 Sep 2016,2.0810
07 Sep 2016,2.0803
06 Sep 2016,2.0770
05 Sep 2016,2.0700
02 Sep 2016,2.0660
01 Sep 2016,2.0660
31 Aug 2016,2.0650
30 Aug 2016,2.0630
29 Aug 2016,2.0490
26 Aug 2016,2.0440
25 Aug 2016,2.0440
24 Aug 2016,2.0430
23 Aug 2016,2.0330
22 Aug 2016,2.0233
19 Aug 2016,2.0230
18 Aug 2016,2.0230
17 Aug 2016,2.0220
16 Aug 2016,2.0220
15 Aug 2016,2.0233
12 Aug 2016,2.0210
11 Aug 2016,2.0210
10 Aug 2016,2.0170
09 Aug 2016,2.0100
08 Aug 2016,2.0050
05 Aug 2016,2.0020
04 Aug 2016,2.0020
03 Aug 2016,2.0040
02 Aug 2016,2.0080
01 Aug 2016,2.0120
29 Jul 2016,2.0170
28 Jul 2016,2.0280
27 Jul 2016,2.0380
26 Jul 2016,2.0370
25 Jul 2016,2.0320
22 Jul 2016,2.0230
21 Jul 2016,2.0080
20 Jul 2016,2.0050
19 Jul 2016,2.0030
18 Jul 2016,1.9960
15 Jul 2016,1.9960
14 Jul 2016,1.9930
13 Jul 2016,1.9930
12 Jul 2016,1.9940
11 Jul 2016,1.9960
08 Jul 2016,1.9960
07 Jul 2016,1.9970
06 Jul 2016,1.9990
05 Jul 2016,2.0070
04 Jul 2016,2.0140
01 Jul 2016,2.0270
30 Jun 2016,2.0370
29 Jun 2016,2.0380
28 Jun 2016,2.0400
27 Jun 2016,2.0380
24 Jun 2016,2.0350
23 Jun 2016,2.0320
22 Jun 2016,2.0270
21 Jun 2016,2.0190
20 Jun 2016,2.0100
17 Jun 2016,2.0050
16 Jun 2016,2.0020
15 Jun 2016,2.0000
14 Jun 2016,2.0000
13 Jun 2016,2.0000
12 Jun 2016,2.0000
08 Jun 2016,2.0000
07 Jun 2016,2.0000
06 Jun 2016,1.9980
03 Jun 2016,1.9990
02 Jun 2016,2.0040
01 Jun 2016,2.0060
31 May 2016,2.0100
30 May 2016,2.0020
27 May 2016,2.0010
26 May 2016,2.0010
25 May 2016,2.0010
24 May 2016,2.0020
23 May 2016,2.0040
20 May 2016,2.0080
19 May 2016,2.0100
18 May 2016,2.0110
17 May 2016,2.0110
16 May 2016,2.0050
13 May 2016,2.0020
12 May 2016,2.0000
11 May 2016,1.9990
10 May 2016,1.9990
09 May 2016,1.9990
06 May 2016,2.0000
05 May 2016,2.0010
04 May 2016,2.0000
03 May 2016,2.0033
29 Apr 2016,2.0490
28 Apr 2016,2.0210
27 Apr 2016,2.0240
26 Apr 2016,2.0360
25 Apr 2016,2.0450
22 Apr 2016,2.0380
21 Apr 2016,2.0290
20 Apr 2016,2.0180
19 Apr 2016,2.0040
18 Apr 2016,1.9980
15 Apr 2016,1.9950
14 Apr 2016,1.9990
13 Apr 2016,1.9960
12 Apr 2016,1.9930
11 Apr 2016,1.9850
08 Apr 2016,1.9800
07 Apr 2016,1.9783
06 Apr 2016,1.9830
05 Apr 2016,1.9930
01 Apr 2016,2.0140
31 Mar 2016,2.0170
30 Mar 2016,2.0040
29 Mar 2016,1.9960
28 Mar 2016,1.9920
25 Mar 2016,1.9890
24 Mar 2016,1.9950
23 Mar 2016,2.0000
22 Mar 2016,2.0070
21 Mar 2016,1.9980
18 Mar 2016,1.9900
17 Mar 2016,1.9700
16 Mar 2016,1.9560
15 Mar 2016,1.9530
14 Mar 2016,1.9490
11 Mar 2016,1.9450
10 Mar 2016,1.9470
09 Mar 2016,1.9500
08 Mar 2016,1.9500
07 Mar 2016,1.9510
04 Mar 2016,1.9500
03 Mar 2016,1.9570
02 Mar 2016,1.9620
01 Mar 2016,1.9680
29 Feb 2016,2.0070
26 Feb 2016,2.0480
25 Feb 2016,2.0040
24 Feb 2016,1.9560
23 Feb 2016,1.9330
22 Feb 2016,1.9340
19 Feb 2016,1.9380
18 Feb 2016,1.9510
17 Feb 2016,1.9680
16 Feb 2016,1.9740
15 Feb 2016,1.9770
14 Feb 2016,1.9780
06 Feb 2016,2.2810
05 Feb 2016,1.9840
04 Feb 2016,1.9830
03 Feb 2016,1.9830
02 Feb 2016,1.9840
01 Feb 2016,1.9870
29 Jan 2016,1.9890
28 Jan 2016,1.9920
27 Jan 2016,1.9950
26 Jan 2016,1.9970
25 Jan 2016,2.0090
22 Jan 2016,2.0280
21 Jan 2016,2.0140
20 Jan 2016,1.9830
19 Jan 2016,1.9590
18 Jan 2016,1.9540
15 Jan 2016,1.9560
14 Jan 2016,1.9500
13 Jan 2016,1.9500
12 Jan 2016,1.9510
11 Jan 2016,1.9510
08 Jan 2016,1.9580
07 Jan 2016,1.9660
06 Jan 2016,1.9800
05 Jan 2016,1.9980
04 Jan 2016,1.9950
31 Dec 2011,4.9992
30 Dec 2011,3.4067
29 Dec 2011,3.4175
28 Dec 2011,3.4202
27 Dec 2011,3.0775
26 Dec 2011,2.9992
23 Dec 2011,2.9392
22 Dec 2011,2.9350
21 Dec 2011,2.8983
20 Dec 2011,2.8775
19 Dec 2011,2.8763
16 Dec 2011,2.8758
15 Dec 2011,2.9483
14 Dec 2011,2.9158
13 Dec 2011,2.9513
12 Dec 2011,2.9475
09 Dec 2011,2.8900
08 Dec 2011,2.8596
07 Dec 2011,2.8696
06 Dec 2011,2.8504
05 Dec 2011,2.8567
02 Dec 2011,2.9723
01 Dec 2011,2.9775
30 Nov 2011,3.4250
29 Nov 2011,3.4086
28 Nov 2011,3.7075
25 Nov 2011,4.0192
24 Nov 2011,3.9467
23 Nov 2011,3.9567
22 Nov 2011,3.8342
21 Nov 2011,3.6033
18 Nov 2011,3.4225
17 Nov 2011,3.2292
16 Nov 2011,2.9250
15 Nov 2011,2.9125
14 Nov 2011,2.8988
11 Nov 2011,2.8233
10 Nov 2011,3.1254
09 Nov 2011,3.1167
08 Nov 2011,3.1117
07 Nov 2011,3.0933
04 Nov 2011,3.0900
03 Nov 2011,3.0900
02 Nov 2011,3.0964
01 Nov 2011,3.3025
31 Oct 2011,4.6950
28 Oct 2011,4.8983
27 Oct 2011,4.1875
26 Oct 2011,3.9983
25 Oct 2011,3.5983
24 Oct 2011,3.0650
21 Oct 2011,3.0738
20 Oct 2011,3.0100
19 Oct 2011,2.8963
18 Oct 2011,2.8308
17 Oct 2011,2.8075
14 Oct 2011,2.8800
13 Oct 2011,2.9642
12 Oct 2011,2.9950
11 Oct 2011,3.4417
10 Oct 2011,3.8192
09 Oct 2011,4.5642
08 Oct 2011,4.8604
30 Sep 2011,4.8925
29 Sep 2011,3.8721
28 Sep 2011,3.9917
27 Sep 2011,4.0550
26 Sep 2011,3.0958
23 Sep 2011,3.2942
22 Sep 2011,3.5042
21 Sep 2011,3.7346
20 Sep 2011,3.7975
19 Sep 2011,3.4777
16 Sep 2011,3.1900
15 Sep 2011,3.1933
14 Sep 2011,2.9575
13 Sep 2011,2.9525
09 Sep 2011,3.0408
08 Sep 2011,3.1058
07 Sep 2011,3.0546
06 Sep 2011,2.9975
05 Sep 2011,3.8892
02 Sep 2011,3.4808
01 Sep 2011,3.4192
31 Aug 2011,3.3538
30 Aug 2011,3.4308
29 Aug 2011,3.1650
26 Aug 2011,3.2235
25 Aug 2011,3.3377
24 Aug 2011,3.7683
23 Aug 2011,4.2306
22 Aug 2011,4.0300
19 Aug 2011,3.6892
18 Aug 2011,3.4425
17 Aug 2011,2.9992
16 Aug 2011,2.9871
15 Aug 2011,2.8492
12 Aug 2011,2.7942
11 Aug 2011,2.7438
10 Aug 2011,3.0425
09 Aug 2011,2.7368
08 Aug 2011,2.7286
05 Aug 2011,2.8175
04 Aug 2011,2.8442
03 Aug 2011,2.8133
02 Aug 2011,2.8121
01 Aug 2011,3.0263
29 Jul 2011,3.4817
28 Jul 2011,3.6367
27 Jul 2011,4.1483
26 Jul 2011,4.6150
25 Jul 2011,5.1408
22 Jul 2011,5.2967
21 Jul 2011,5.4208
20 Jul 2011,4.7383
19 Jul 2011,4.4300
18 Jul 2011,3.6367
15 Jul 2011,3.8683
14 Jul 2011,4.2217
13 Jul 2011,3.4525
12 Jul 2011,2.4325
11 Jul 2011,4.0150
08 Jul 2011,4.9983
07 Jul 2011,4.8292
06 Jul 2011,5.5817
05 Jul 2011,5.8392
04 Jul 2011,2.8505
01 Jul 2011,4.7297
30 Jun 2011,4.9983
29 Jun 2011,5.0350
28 Jun 2011,5.0554
27 Jun 2011,6.1117
24 Jun 2011,7.0502
23 Jun 2011,7.3325
22 Jun 2011,7.4700
21 Jun 2011,7.1375
20 Jun 2011,6.9550
17 Jun 2011,3.9850
16 Jun 2011,3.9957
15 Jun 2011,3.9878
14 Jun 2011,3.4842
13 Jun 2011,3.8025
10 Jun 2011,3.8167
09 Jun 2011,3.7858
08 Jun 2011,3.6663
07 Jun 2011,2.9967
03 Jun 2011,2.5050
02 Jun 2011,2.8436
01 Jun 2011,3.1454
31 May 2011,3.8433
30 May 2011,2.5500
27 May 2011,2.8362
26 May 2011,4.8533
25 May 2011,4.9992
24 May 2011,4.4767
23 May 2011,4.0008
20 May 2011,4.0050
19 May 2011,3.5467
18 May 2011,3.1492
17 May 2011,2.0992
16 May 2011,2.0908
13 May 2011,2.0892
12 May 2011,2.0858
11 May 2011,2.1006
10 May 2011,2.1100
09 May 2011,2.1200
06 May 2011,1.9938
05 May 2011,1.9942
04 May 2011,2.5167
03 May 2011,2.5525
29 Apr 2011,2.4992
28 Apr 2011,2.0242
27 Apr 2011,2.0233
26 Apr 2011,2.6792
25 Apr 2011,2.6958
22 Apr 2011,3.0775
21 Apr 2011,3.5333
20 Apr 2011,1.7569
19 Apr 2011,1.7637
18 Apr 2011,1.7629
15 Apr 2011,1.7282
14 Apr 2011,1.7338
13 Apr 2011,1.7361
12 Apr 2011,1.7452
11 Apr 2011,1.7571
08 Apr 2011,1.7663
07 Apr 2011,1.7717
06 Apr 2011,1.7829
02 Apr 2011,1.7802
01 Apr 2011,1.7922
31 Mar 2011,1.7992
30 Mar 2011,1.7858
29 Mar 2011,1.7883
28 Mar 2011,1.7883
25 Mar 2011,1.8675
24 Mar 2011,1.8790
23 Mar 2011,1.8992
22 Mar 2011,1.9158
21 Mar 2011,1.9242
18 Mar 2011,1.6692
17 Mar 2011,1.6733
16 Mar 2011,1.6783
15 Mar 2011,1.6804
14 Mar 2011,1.6875
11 Mar 2011,1.6858
10 Mar 2011,1.6792
09 Mar 2011,1.6875
08 Mar 2011,1.6917
07 Mar 2011,1.7858
04 Mar 2011,1.8933
03 Mar 2011,1.9419
02 Mar 2011,2.0183
01 Mar 2011,2.1875
28 Feb 2011,2.3783
25 Feb 2011,2.7028
24 Feb 2011,2.2892
23 Feb 2011,1.9950
22 Feb 2011,2.0167
21 Feb 2011,2.1783
18 Feb 2011,2.1075
17 Feb 2011,2.1867
16 Feb 2011,2.3008
15 Feb 2011,2.3100
14 Feb 2011,2.3100
12 Feb 2011,2.5950
11 Feb 2011,2.8850
10 Feb 2011,2.8758
09 Feb 2011,3.8475
01 Feb 2011,3.3458
31 Jan 2011,5.0142
30 Jan 2011,7.9833
28 Jan 2011,7.6992
27 Jan 2011,7.9997
26 Jan 2011,7.7608
25 Jan 2011,7.2042
24 Jan 2011,5.0408
21 Jan 2011,5.7242
20 Jan 2011,5.7083
19 Jan 2011,2.6275
18 Jan 2011,1.9971
17 Jan 2011,1.9258
14 Jan 2011,1.9217
13 Jan 2011,1.9157
12 Jan 2011,1.9625
11 Jan 2011,1.9800
10 Jan 2011,2.0100
07 Jan 2011,2.1200
06 Jan 2011,2.1804
05 Jan 2011,2.6800
04 Jan 2011,2.9308
31 Dec 2020,1.0930
30 Dec 2020,0.6440
29 Dec 2020,0.6240
28 Dec 2020,0.6730
25 Dec 2020,0.7930
24 Dec 2020,0.6090
23 Dec 2020,0.6230
22 Dec 2020,1.0150
21 Dec 2020,1.4890
18 Dec 2020,1.7230
17 Dec 2020,1.3560
16 Dec 2020,0.9740
15 Dec 2020,1.4030
14 Dec 2020,1.7020
11 Dec 2020,1.4310
10 Dec 2020,0.9790
09 Dec 2020,1.0650
08 Dec 2020,1.3020
07 Dec 2020,1.3660
04 Dec 2020,1.0860
03 Dec 2020,0.9010
02 Dec 2020,0.7420
01 Dec 2020,0.7640
30 Nov 2020,1.1150
27 Nov 2020,0.8360
26 Nov 2020,1.2980
25 Nov 2020,1.5780
24 Nov 2020,1.8280
23 Nov 2020,1.8390
20 Nov 2020,1.9590
19 Nov 2020,1.9180
18 Nov 2020,1.7200
17 Nov 2020,1.7980
16 Nov 2020,2.2520
13 Nov 2020,2.5230
12 Nov 2020,2.5210
11 Nov 2020,2.3140
10 Nov 2020,2.3330
09 Nov 2020,2.1930
06 Nov 2020,1.7900
05 Nov 2020,1.3770
04 Nov 2020,1.4490
03 Nov 2020,1.8680
02 Nov 2020,2.3220
30 Oct 2020,2.2360
29 Oct 2020,2.1250
28 Oct 2020,2.3790
27 Oct 2020,2.3800
26 Oct 2020,2.1800
23 Oct 2020,2.1610
22 Oct 2020,1.9110
21 Oct 2020,1.9880
20 Oct 2020,2.1620
19 Oct 2020,2.1870
16 Oct 2020,2.0170
15 Oct 2020,2.0630
14 Oct 2020,1.9620
13 Oct 2020,1.7000
12 Oct 2020,1.5300
10 Oct 2020,1.6280
09 Oct 2020,2.0380
30 Sep 2020,2.3610
29 Sep 2020,0.9130
28 Sep 2020,0.6020
27 Sep 2020,0.6850
25 Sep 2020,1.1130
24 Sep 2020,1.4240
23 Sep 2020,1.8840
22 Sep 2020,2.2860
21 Sep 2020,2.2040
18 Sep 2020,2.1010
17 Sep 2020,1.7690
16 Sep 2020,1.4040
15 Sep 2020,1.7310
14 Sep 2020,1.6070
11 Sep 2020,1.4640
10 Sep 2020,1.3400
09 Sep 2020,1.6070
08 Sep 2020,2.0510
07 Sep 2020,2.0880
04 Sep 2020,2.0520
03 Sep 2020,1.7420
02 Sep 2020,2.0940
01 Sep 2020,2.1040
31 Aug 2020,1.7660
28 Aug 2020,1.3450
27 Aug 2020,1.4770
26 Aug 2020,1.6300
25 Aug 2020,1.9690
24 Aug 2020,2.3595
21 Aug 2020,2.2580
20 Aug 2020,2.1720
19 Aug 2020,2.1480
18 Aug 2020,2.1150
17 Aug 2020,2.1280
14 Aug 2020,2.1750
13 Aug 2020,2.1620
12 Aug 2020,2.1520
11 Aug 2020,2.2010
10 Aug 2020,2.1290
07 Aug 2020,2.0570
06 Aug 2020,1.6610
05 Aug 2020,1.6900
04 Aug 2020,1.9250
03 Aug 2020,1.5700
31 Jul 2020,1.7880
30 Jul 2020,1.3690
29 Jul 2020,1.4500
28 Jul 2020,1.7530
27 Jul 2020,1.9940
24 Jul 2020,1.8430
23 Jul 2020,1.8580
22 Jul 2020,1.3360
21 Jul 2020,1.5840
20 Jul 2020,1.9565
17 Jul 2020,2.3280
16 Jul 2020,2.2465
15 Jul 2020,2.0220
14 Jul 2020,1.6700
13 Jul 2020,2.1280
10 Jul 2020,2.1970
09 Jul 2020,2.1890
08 Jul 2020,2.0880
07 Jul 2020,1.7060
06 Jul 2020,1.3460
03 Jul 2020,1.3640
02 Jul 2020,1.7450
01 Jul 2020,1.9670
30 Jun 2020,1.7850
29 Jun 2020,1.0120
28 Jun 2020,1.0960
24 Jun 2020,1.5400
23 Jun 2020,1.9710
22 Jun 2020,2.1330
19 Jun 2020,2.1310
18 Jun 2020,2.1230
17 Jun 2020,2.0480
16 Jun 2020,1.7510
15 Jun 2020,1.4770
12 Jun 2020,1.5290
11 Jun 2020,1.7570
10 Jun 2020,1.8490
09 Jun 2020,1.8330
08 Jun 2020,1.8900
05 Jun 2020,1.5820
04 Jun 2020,1.9630
03 Jun 2020,1.8850
02 Jun 2020,1.4680
01 Jun 2020,1.6290
29 May 2020,2.0970
28 May 2020,2.1020
27 May 2020,2.1040
26 May 2020,1.8800
25 May 2020,1.4730
22 May 2020,1.0940
21 May 2020,1.1040
20 May 2020,1.2200
19 May 2020,1.3850
18 May 2020,0.9050
15 May 2020,0.8640
14 May 2020,0.7430
13 May 2020,0.7050
12 May 2020,0.8030
11 May 2020,0.8760
09 May 2020,0.8500
08 May 2020,0.9380
07 May 2020,1.1430
06 May 2020,1.4830
30 Apr 2020,1.8880
29 Apr 2020,0.6610
28 Apr 2020,0.8740
27 Apr 2020,0.8740
26 Apr 2020,0.9080
24 Apr 2020,0.9120
23 Apr 2020,0.8930
22 Apr 2020,0.9010
21 Apr 2020,0.9010
20 Apr 2020,0.8960
17 Apr 2020,0.7160
16 Apr 2020,0.7020
15 Apr 2020,0.8010
14 Apr 2020,0.9940
13 Apr 2020,1.3780
10 Apr 2020,1.3490
09 Apr 2020,1.1820
08 Apr 2020,0.8930
07 Apr 2020,0.8060
03 Apr 2020,1.0010
02 Apr 2020,1.2780
01 Apr 2020,1.4030
31 Mar 2020,1.6140
30 Mar 2020,1.3740
27 Mar 2020,1.1040
26 Mar 2020,0.8450
25 Mar 2020,0.8470
24 Mar 2020,0.8140
23 Mar 2020,0.8450
20 Mar 2020,0.7950
19 Mar 2020,0.8460
18 Mar 2020,0.9630
17 Mar 2020,1.0830
16 Mar 2020,1.2310
13 Mar 2020,1.4140
12 Mar 2020,1.6640
11 Mar 2020,2.1180
10 Mar 2020,2.0140
09 Mar 2020,1.5880
06 Mar 2020,1.3620
05 Mar 2020,1.4500
04 Mar 2020,1.4620
03 Mar 2020,1.6220
02 Mar 2020,1.7140
28 Feb 2020,1.6280
27 Feb 2020,1.3470
26 Feb 2020,1.4990
25 Feb 2020,1.6020
24 Feb 2020,1.5330
21 Feb 2020,1.3550
20 Feb 2020,1.4030
19 Feb 2020,1.6260
18 Feb 2020,1.5030
17 Feb 2020,1.4250
14 Feb 2020,1.2560
13 Feb 2020,1.4430
12 Feb 2020,1.5210
11 Feb 2020,1.5600
10 Feb 2020,1.6520
07 Feb 2020,1.7930
06 Feb 2020,1.8190
05 Feb 2020,2.0510
04 Feb 2020,2.2730
03 Feb 2020,2.5040
23 Jan 2020,2.4440
22 Jan 2020,1.5340
21 Jan 2020,1.8850
20 Jan 2020,2.2480
19 Jan 2020,2.4130
17 Jan 2020,2.5220
16 Jan 2020,2.6090
15 Jan 2020,2.6540
14 Jan 2020,2.5180
13 Jan 2020,2.0590
10 Jan 2020,1.7722
09 Jan 2020,1.6900
08 Jan 2020,1.5530
07 Jan 2020,1.2150
06 Jan 2020,1.0030
03 Jan 2020,1.1620
02 Jan 2020,1.4436
31 Dec 2012,3.8660
28 Dec 2012,2.2860
27 Dec 2012,2.2925
26 Dec 2012,2.3030
25 Dec 2012,2.3000
24 Dec 2012,2.3000
21 Dec 2012,2.4200
20 Dec 2012,2.6380
19 Dec 2012,2.2775
18 Dec 2012,2.2800
17 Dec 2012,2.2560
14 Dec 2012,2.2559
13 Dec 2012,2.2747
12 Dec 2012,2.2600
11 Dec 2012,2.2500
10 Dec 2012,2.2490
07 Dec 2012,2.2503
06 Dec 2012,2.2399
05 Dec 2012,2.2500
04 Dec 2012,2.2500
03 Dec 2012,2.2580
30 Nov 2012,2.2533
29 Nov 2012,2.3148
28 Nov 2012,2.3150
27 Nov 2012,2.3108
26 Nov 2012,2.2992
23 Nov 2012,2.2525
22 Nov 2012,2.3150
21 Nov 2012,2.3042
20 Nov 2012,2.2422
19 Nov 2012,2.1540
16 Nov 2012,2.2775
15 Nov 2012,2.2775
14 Nov 2012,2.2974
13 Nov 2012,2.3200
12 Nov 2012,2.5221
09 Nov 2012,2.6183
08 Nov 2012,2.5748
07 Nov 2012,2.5688
06 Nov 2012,2.5267
05 Nov 2012,2.6933
02 Nov 2012,2.6758
01 Nov 2012,3.0433
31 Oct 2012,2.9550
30 Oct 2012,3.0585
29 Oct 2012,4.4292
26 Oct 2012,3.3150
25 Oct 2012,2.7092
24 Oct 2012,2.7633
23 Oct 2012,2.3446
22 Oct 2012,2.2435
19 Oct 2012,2.1958
18 Oct 2012,2.1943
17 Oct 2012,2.2192
16 Oct 2012,2.2058
15 Oct 2012,2.0408
12 Oct 2012,2.4228
11 Oct 2012,2.4475
10 Oct 2012,2.6500
09 Oct 2012,3.3635
08 Oct 2012,3.7192
29 Sep 2012,3.2800
28 Sep 2012,2.4758
27 Sep 2012,2.9992
26 Sep 2012,2.9975
25 Sep 2012,4.5000
24 Sep 2012,4.3892
21 Sep 2012,4.2892
20 Sep 2012,3.9992
19 Sep 2012,3.5008
18 Sep 2012,2.9217
17 Sep 2012,2.7150
14 Sep 2012,2.6732
13 Sep 2012,2.6833
12 Sep 2012,2.5983
11 Sep 2012,2.4992
10 Sep 2012,2.2992
07 Sep 2012,2.1253
06 Sep 2012,2.1237
05 Sep 2012,2.1375
04 Sep 2012,2.0075
03 Sep 2012,2.0500
31 Aug 2012,2.0657
30 Aug 2012,2.3838
29 Aug 2012,2.5992
28 Aug 2012,2.7001
27 Aug 2012,2.6975
24 Aug 2012,2.6983
23 Aug 2012,3.0550
22 Aug 2012,3.0800
21 Aug 2012,3.4900
20 Aug 2012,3.3525
17 Aug 2012,3.1750
16 Aug 2012,3.0942
15 Aug 2012,3.1117
14 Aug 2012,2.6750
13 Aug 2012,2.4342
10 Aug 2012,2.6592
09 Aug 2012,2.5992
08 Aug 2012,2.5483
07 Aug 2012,2.5344
06 Aug 2012,2.4783
03 Aug 2012,2.5033
02 Aug 2012,2.5375
01 Aug 2012,2.6192
31 Jul 2012,2.5983
30 Jul 2012,2.5283
27 Jul 2012,2.6000
26 Jul 2012,2.6600
25 Jul 2012,2.6813
24 Jul 2012,2.9517
23 Jul 2012,3.3275
20 Jul 2012,3.1271
19 Jul 2012,2.9858
18 Jul 2012,2.9342
17 Jul 2012,2.6325
16 Jul 2012,2.4573
13 Jul 2012,2.4792
12 Jul 2012,2.3890
11 Jul 2012,2.3467
10 Jul 2012,2.3277
09 Jul 2012,2.3437
06 Jul 2012,2.3501
05 Jul 2012,2.6025
04 Jul 2012,2.6208
03 Jul 2012,3.2475
02 Jul 2012,3.6092
29 Jun 2012,3.6008
28 Jun 2012,3.5483
27 Jun 2012,3.4967
26 Jun 2012,3.8775
25 Jun 2012,3.6508
21 Jun 2012,3.5900
20 Jun 2012,3.2775
19 Jun 2012,2.6908
18 Jun 2012,2.5388
15 Jun 2012,2.5592
14 Jun 2012,2.5483
13 Jun 2012,2.4938
12 Jun 2012,2.3867
11 Jun 2012,2.3196
08 Jun 2012,2.4033
07 Jun 2012,2.4008
06 Jun 2012,2.2017
05 Jun 2012,1.9983
04 Jun 2012,1.9183
01 Jun 2012,1.8950
31 May 2012,1.8788
30 May 2012,1.9058
29 May 2012,1.9042
28 May 2012,1.9117
25 May 2012,1.9017
24 May 2012,1.8833
23 May 2012,1.8450
22 May 2012,1.8208
21 May 2012,1.8142
18 May 2012,1.8275
17 May 2012,1.8114
16 May 2012,1.8275
15 May 2012,1.8725
14 May 2012,1.9221
11 May 2012,2.2750
10 May 2012,2.3667
09 May 2012,2.3950
08 May 2012,2.4683
07 May 2012,2.9625
04 May 2012,2.9575
03 May 2012,2.9550
02 May 2012,2.8367
28 Apr 2012,2.7967
27 Apr 2012,3.2850
26 Apr 2012,3.4358
25 Apr 2012,3.4658
24 Apr 2012,3.2163
23 Apr 2012,3.3267
20 Apr 2012,3.4000
19 Apr 2012,3.1992
18 Apr 2012,2.9983
17 Apr 2012,3.0004
16 Apr 2012,3.2900
13 Apr 2012,3.4958
12 Apr 2012,3.0475
11 Apr 2012,2.9975
10 Apr 2012,2.9946
09 Apr 2012,2.9125
06 Apr 2012,3.2288
05 Apr 2012,3.0033
01 Apr 2012,2.6392
31 Mar 2012,2.6733
30 Mar 2012,2.6767
29 Mar 2012,2.6008
28 Mar 2012,2.6350
27 Mar 2012,2.5483
26 Mar 2012,2.6842
23 Mar 2012,2.7125
22 Mar 2012,2.6983
21 Mar 2012,2.5478
20 Mar 2012,2.4992
19 Mar 2012,2.3950
16 Mar 2012,2.3783
15 Mar 2012,2.3477
14 Mar 2012,2.3139
13 Mar 2012,2.3175
12 Mar 2012,2.3058
09 Mar 2012,2.3088
08 Mar 2012,2.3146
07 Mar 2012,2.3154
06 Mar 2012,2.3154
05 Mar 2012,2.4465
02 Mar 2012,2.5292
01 Mar 2012,2.5067
29 Feb 2012,2.5933
28 Feb 2012,2.6817
27 Feb 2012,3.0131
24 Feb 2012,4.6433
23 Feb 2012,5.2192
22 Feb 2012,5.0167
21 Feb 2012,4.8842
20 Feb 2012,4.7792
17 Feb 2012,4.4958
16 Feb 2012,3.5025
15 Feb 2012,3.0075
14 Feb 2012,2.9973
13 Feb 2012,2.6883
10 Feb 2012,2.6867
09 Feb 2012,2.6567
08 Feb 2012,2.7667
07 Feb 2012,2.7767
06 Feb 2012,2.7750
03 Feb 2012,2.9242
02 Feb 2012,2.9675
01 Feb 2012,2.9650
31 Jan 2012,2.9675
30 Jan 2012,2.8578
29 Jan 2012,3.2992
21 Jan 2012,3.4692
20 Jan 2012,3.4775
19 Jan 2012,6.4975
18 Jan 2012,8.1667
17 Jan 2012,7.3667
16 Jan 2012,5.4725
13 Jan 2012,4.6363
12 Jan 2012,3.4750
11 Jan 2012,3.2400
10 Jan 2012,3.6933
09 Jan 2012,4.0000
06 Jan 2012,3.9979
05 Jan 2012,4.0000
04 Jan 2012,3.4975
31 Dec 2013,3.1480
30 Dec 2013,3.2050
27 Dec 2013,3.5130
26 Dec 2013,4.0010
25 Dec 2013,4.0500
24 Dec 2013,4.1450
23 Dec 2013,4.5150
20 Dec 2013,3.9270
19 Dec 2013,3.8460
18 Dec 2013,3.5880
17 Dec 2013,3.4700
16 Dec 2013,3.4470
13 Dec 2013,3.4321
12 Dec 2013,3.4600
11 Dec 2013,3.5100
10 Dec 2013,3.5580
09 Dec 2013,3.6200
06 Dec 2013,3.7000
05 Dec 2013,3.7030
04 Dec 2013,3.7235
03 Dec 2013,3.7250
02 Dec 2013,3.7480
29 Nov 2013,3.7260
28 Nov 2013,3.7460
27 Nov 2013,3.7640
26 Nov 2013,3.7460
25 Nov 2013,3.8470
22 Nov 2013,3.8990
21 Nov 2013,3.8890
20 Nov 2013,4.0570
19 Nov 2013,4.0750
18 Nov 2013,4.5130
15 Nov 2013,4.4540
14 Nov 2013,4.1880
13 Nov 2013,3.3360
12 Nov 2013,3.3290
11 Nov 2013,3.6000
08 Nov 2013,3.7610
07 Nov 2013,3.7300
06 Nov 2013,3.6600
05 Nov 2013,3.9147
04 Nov 2013,4.0971
01 Nov 2013,4.2883
31 Oct 2013,4.5900
30 Oct 2013,5.2300
29 Oct 2013,4.4460
28 Oct 2013,4.4340
25 Oct 2013,4.3670
24 Oct 2013,4.0880
23 Oct 2013,3.7800
22 Oct 2013,3.0520
21 Oct 2013,3.0600
18 Oct 2013,3.0010
17 Oct 2013,3.0380
16 Oct 2013,3.0550
15 Oct 2013,3.1170
14 Oct 2013,3.1130
12 Oct 2013,3.0270
11 Oct 2013,3.1000
10 Oct 2013,3.3280
09 Oct 2013,3.2320
08 Oct 2013,3.0520
30 Sep 2013,3.1260
29 Sep 2013,3.1500
27 Sep 2013,3.1477
26 Sep 2013,3.1120
25 Sep 2013,3.3470
24 Sep 2013,3.6144
23 Sep 2013,3.8150
22 Sep 2013,3.5730
18 Sep 2013,3.5570
17 Sep 2013,3.4930
16 Sep 2013,3.0080
13 Sep 2013,2.9790
12 Sep 2013,2.9670
11 Sep 2013,3.0140
10 Sep 2013,2.8955
09 Sep 2013,2.9200
06 Sep 2013,2.9500
05 Sep 2013,2.8900
04 Sep 2013,3.0050
03 Sep 2013,3.0006
02 Sep 2013,3.0188
30 Aug 2013,3.0340
29 Aug 2013,2.9570
28 Aug 2013,3.0980
27 Aug 2013,3.0060
26 Aug 2013,3.0370
23 Aug 2013,3.2650
22 Aug 2013,3.3570
21 Aug 2013,3.5170
20 Aug 2013,3.8540
19 Aug 2013,3.4030
16 Aug 2013,3.2090
15 Aug 2013,3.2830
14 Aug 2013,3.4350
13 Aug 2013,3.2253
12 Aug 2013,2.9645
09 Aug 2013,2.9140
08 Aug 2013,3.1641
07 Aug 2013,3.1005
06 Aug 2013,3.1000
05 Aug 2013,3.1000
02 Aug 2013,3.2539
01 Aug 2013,3.5490
31 Jul 2013,3.6990
30 Jul 2013,3.6410
29 Jul 2013,3.7030
26 Jul 2013,3.5500
25 Jul 2013,3.3495
24 Jul 2013,3.2300
23 Jul 2013,3.1355
22 Jul 2013,3.1035
19 Jul 2013,3.0400
18 Jul 2013,2.9980
17 Jul 2013,2.9680
16 Jul 2013,3.0130
15 Jul 2013,3.2998
12 Jul 2013,3.3000
11 Jul 2013,3.3547
10 Jul 2013,3.2510
09 Jul 2013,3.2490
08 Jul 2013,3.2560
05 Jul 2013,3.3800
04 Jul 2013,3.3480
03 Jul 2013,3.4000
02 Jul 2013,3.7860
01 Jul 2013,4.4560
28 Jun 2013,4.9410
27 Jun 2013,5.5610
26 Jun 2013,5.5530
25 Jun 2013,5.7360
24 Jun 2013,6.4890
21 Jun 2013,8.4920
20 Jun 2013,13.4440
19 Jun 2013,7.6600
18 Jun 2013,5.5960
17 Jun 2013,4.8130
14 Jun 2013,6.9680
13 Jun 2013,6.6910
09 Jun 2013,7.4900
08 Jun 2013,9.5810
07 Jun 2013,8.2940
06 Jun 2013,5.9820
05 Jun 2013,4.6230
04 Jun 2013,4.5170
03 Jun 2013,4.5990
31 May 2013,4.5010
30 May 2013,3.3900
29 May 2013,3.0500
28 May 2013,3.3500
27 May 2013,3.5600
24 May 2013,3.5040
23 May 2013,3.6810
22 May 2013,3.4240
21 May 2013,3.3600
20 May 2013,2.9570
17 May 2013,2.8439
16 May 2013,2.7020
15 May 2013,2.2445
14 May 2013,2.2400
13 May 2013,2.1573
10 May 2013,2.1400
09 May 2013,2.1100
08 May 2013,2.1100
07 May 2013,2.3600
06 May 2013,2.7800
03 May 2013,3.0000
02 May 2013,2.8000
28 Apr 2013,2.8300
27 Apr 2013,3.0160
26 Apr 2013,3.0000
25 Apr 2013,4.2910
24 Apr 2013,4.0610
23 Apr 2013,2.9700
22 Apr 2013,2.6370
19 Apr 2013,2.5030
18 Apr 2013,2.2080
17 Apr 2013,2.0138
16 Apr 2013,2.0170
15 Apr 2013,2.0533
12 Apr 2013,2.0238
11 Apr 2013,2.0669
10 Apr 2013,2.1235
09 Apr 2013,2.1400
08 Apr 2013,2.1808
07 Apr 2013,2.0330
03 Apr 2013,2.0930
02 Apr 2013,2.0190
01 Apr 2013,1.9915
29 Mar 2013,2.6840
28 Mar 2013,1.7500
27 Mar 2013,1.7410
26 Mar 2013,1.6740
25 Mar 2013,1.6841
22 Mar 2013,1.8070
21 Mar 2013,1.9380
20 Mar 2013,2.0510
19 Mar 2013,2.2480
18 Mar 2013,2.5240
15 Mar 2013,2.0640
14 Mar 2013,2.0570
13 Mar 2013,2.0720
12 Mar 2013,2.0950
11 Mar 2013,2.2315
08 Mar 2013,2.4680
07 Mar 2013,2.4860
06 Mar 2013,2.8580
05 Mar 2013,3.0180
04 Mar 2013,3.2935
01 Mar 2013,4.1360
28 Feb 2013,4.0110
27 Feb 2013,3.9320
26 Feb 2013,3.6900
25 Feb 2013,2.3860
22 Feb 2013,2.2000
21 Feb 2013,2.0180
20 Feb 2013,1.8798
19 Feb 2013,1.8693
18 Feb 2013,1.8660
17 Feb 2013,1.8990
16 Feb 2013,1.9800
08 Feb 2013,2.7150
07 Feb 2013,3.6463
06 Feb 2013,3.5960
05 Feb 2013,3.2500
04 Feb 2013,2.8330
01 Feb 2013,2.6745
31 Jan 2013,2.3100
30 Jan 2013,2.1000
29 Jan 2013,2.1000
28 Jan 2013,2.1000
25 Jan 2013,2.1030
24 Jan 2013,2.0665
23 Jan 2013,1.9409
22 Jan 2013,1.9270
21 Jan 2013,1.9580
18 Jan 2013,1.9790
17 Jan 2013,2.0290
16 Jan 2013,2.0710
15 Jan 2013,2.1050
14 Jan 2013,2.0780
11 Jan 2013,2.1040
10 Jan 2013,2.1080
09 Jan 2013,2.1070
08 Jan 2013,2.1450
07 Jan 2013,2.1529
06 Jan 2013,2.1990
05 Jan 2013,2.3040
04 Jan 2013,2.5570
31 Dec 2024,1.4540
30 Dec 2024,1.3670
27 Dec 2024,1.3880
26 Dec 2024,1.3860
25 Dec 2024,1.3650
24 Dec 2024,1.3210
23 Dec 2024,1.3100
20 Dec 2024,1.4140
19 Dec 2024,1.4240
18 Dec 2024,1.4280
17 Dec 2024,1.4250
16 Dec 2024,1.4210
13 Dec 2024,1.4040
12 Dec 2024,1.4820
11 Dec 2024,1.5280
10 Dec 2024,1.4700
09 Dec 2024,1.5160
06 Dec 2024,1.4780
05 Dec 2024,1.4790
04 Dec 2024,1.3810
03 Dec 2024,1.3370
02 Dec 2024,1.4140
29 Nov 2024,1.3190
28 Nov 2024,1.3290
27 Nov 2024,1.3850
26 Nov 2024,1.4300
25 Nov 2024,1.4640
22 Nov 2024,1.4560
21 Nov 2024,1.4550
20 Nov 2024,1.4700
19 Nov 2024,1.4800
18 Nov 2024,1.4700
15 Nov 2024,1.4700
14 Nov 2024,1.4560
13 Nov 2024,1.4650
12 Nov 2024,1.5250
11 Nov 2024,1.4430
08 Nov 2024,1.4610
07 Nov 2024,1.3190
06 Nov 2024,1.3300
05 Nov 2024,1.3380
04 Nov 2024,1.3460
01 Nov 2024,1.3600
31 Oct 2024,1.3640
30 Oct 2024,1.3940
29 Oct 2024,1.4390
28 Oct 2024,1.4950
25 Oct 2024,1.5070
24 Oct 2024,1.5300
23 Oct 2024,1.4900
22 Oct 2024,1.4770
21 Oct 2024,1.4740
18 Oct 2024,1.3990
17 Oct 2024,1.4250
16 Oct 2024,1.4600
15 Oct 2024,1.4070
14 Oct 2024,1.4180
12 Oct 2024,1.3060
11 Oct 2024,1.4060
10 Oct 2024,1.5270
09 Oct 2024,1.6180
08 Oct 2024,1.5090
30 Sep 2024,1.5140
29 Sep 2024,1.3360
27 Sep 2024,1.4010
26 Sep 2024,1.6080
25 Sep 2024,1.6430
24 Sep 2024,1.7850
23 Sep 2024,1.9210
20 Sep 2024,1.9320
19 Sep 2024,1.8790
18 Sep 2024,1.7440
14 Sep 2024,1.6110
13 Sep 2024,1.6560
12 Sep 2024,1.7770
11 Sep 2024,1.7730
10 Sep 2024,1.9550
09 Sep 2024,1.8000
06 Sep 2024,1.7160
05 Sep 2024,1.5780
04 Sep 2024,1.5290
03 Sep 2024,1.5680
02 Sep 2024,1.5160
30 Aug 2024,1.5290
29 Aug 2024,1.5140
28 Aug 2024,1.5200
27 Aug 2024,1.6670
26 Aug 2024,1.8620
23 Aug 2024,1.8010
22 Aug 2024,1.7650
21 Aug 2024,1.7220
20 Aug 2024,1.7120
19 Aug 2024,1.6820
16 Aug 2024,1.7000
15 Aug 2024,1.7540
14 Aug 2024,1.8420
13 Aug 2024,1.9280
12 Aug 2024,1.9510
09 Aug 2024,1.7780
08 Aug 2024,1.6810
07 Aug 2024,1.6170
06 Aug 2024,1.5830
05 Aug 2024,1.5850
02 Aug 2024,1.5730
01 Aug 2024,1.6080
31 Jul 2024,1.7820
30 Jul 2024,1.6390
29 Jul 2024,1.6310
26 Jul 2024,1.6890
25 Jul 2024,1.7640
24 Jul 2024,1.7390
23 Jul 2024,1.7360
22 Jul 2024,1.6470
19 Jul 2024,1.8550
18 Jul 2024,1.9330
17 Jul 2024,1.9130
16 Jul 2024,1.8940
15 Jul 2024,1.7800
12 Jul 2024,1.6680
11 Jul 2024,1.6700
10 Jul 2024,1.6400
09 Jul 2024,1.6790
08 Jul 2024,1.7540
05 Jul 2024,1.7640
04 Jul 2024,1.7120
03 Jul 2024,1.6880
02 Jul 2024,1.7150
01 Jul 2024,1.7490
28 Jun 2024,1.8890
27 Jun 2024,1.8790
26 Jun 2024,1.9760
25 Jun 2024,1.9640
24 Jun 2024,1.9800
21 Jun 2024,1.9600
20 Jun 2024,1.8770
19 Jun 2024,1.8530
18 Jun 2024,1.8290
17 Jun 2024,1.7830
14 Jun 2024,1.7320
13 Jun 2024,1.7230
12 Jun 2024,1.6800
11 Jun 2024,1.6790
07 Jun 2024,1.7190
06 Jun 2024,1.6560
05 Jun 2024,1.6640
04 Jun 2024,1.6630
03 Jun 2024,1.7230
31 May 2024,1.8050
30 May 2024,1.7460
29 May 2024,1.8490
28 May 2024,1.8100
27 May 2024,1.7670
24 May 2024,1.7660
23 May 2024,1.7690
22 May 2024,1.7790
21 May 2024,1.7580
20 May 2024,1.7190
17 May 2024,1.7190
16 May 2024,1.7240
15 May 2024,1.7270
14 May 2024,1.7690
13 May 2024,1.7810
11 May 2024,1.7240
10 May 2024,1.7330
09 May 2024,1.7270
08 May 2024,1.8370
07 May 2024,1.7440
06 May 2024,1.7770
30 Apr 2024,1.9210
29 Apr 2024,1.8230
28 Apr 2024,1.8060
26 Apr 2024,1.8790
25 Apr 2024,1.8460
24 Apr 2024,1.7840
23 Apr 2024,1.7880
22 Apr 2024,1.7800
19 Apr 2024,1.7970
18 Apr 2024,1.7760
17 Apr 2024,1.7230
16 Apr 2024,1.7150
15 Apr 2024,1.7160
12 Apr 2024,1.7170
11 Apr 2024,1.7210
10 Apr 2024,1.7220
09 Apr 2024,1.7180
08 Apr 2024,1.7110
07 Apr 2024,1.7080
03 Apr 2024,1.6850
02 Apr 2024,1.7040
01 Apr 2024,1.7280
29 Mar 2024,1.7180
28 Mar 2024,1.7340
27 Mar 2024,1.7700
26 Mar 2024,1.7700
25 Mar 2024,1.7740
22 Mar 2024,1.7720
21 Mar 2024,1.7710
20 Mar 2024,1.7650
19 Mar 2024,1.7540
18 Mar 2024,1.7460
15 Mar 2024,1.7660
14 Mar 2024,1.7460
13 Mar 2024,1.7350
12 Mar 2024,1.7210
11 Mar 2024,1.7310
08 Mar 2024,1.7200
07 Mar 2024,1.7130
06 Mar 2024,1.7130
05 Mar 2024,1.7190
04 Mar 2024,1.7110
01 Mar 2024,1.6940
29 Feb 2024,1.6390
28 Feb 2024,1.7056
27 Feb 2024,1.8190
26 Feb 2024,1.7790
23 Feb 2024,1.7470
22 Feb 2024,1.6350
21 Feb 2024,1.6980
20 Feb 2024,1.6300
19 Feb 2024,1.6070
18 Feb 2024,1.6990
09 Feb 2024,1.8530
08 Feb 2024,1.6970
07 Feb 2024,1.7160
06 Feb 2024,1.7270
05 Feb 2024,1.6800
04 Feb 2024,1.7110
02 Feb 2024,1.7190
01 Feb 2024,1.6760
31 Jan 2024,1.7080
30 Jan 2024,1.6180
29 Jan 2024,1.7310
26 Jan 2024,1.8200
25 Jan 2024,1.8440
24 Jan 2024,1.8080
23 Jan 2024,1.7600
22 Jan 2024,1.7600
19 Jan 2024,1.7240
18 Jan 2024,1.7340
17 Jan 2024,1.8320
16 Jan 2024,1.7450
15 Jan 2024,1.6770
12 Jan 2024,1.6780
11 Jan 2024,1.6270
10 Jan 2024,1.5880
09 Jan 2024,1.5820
08 Jan 2024,1.5850
05 Jan 2024,1.5880
04 Jan 2024,1.5890
03 Jan 2024,1.6040
02 Jan 2024,1.5860
31 Dec 2014,3.5280
30 Dec 2014,3.3800
29 Dec 2014,3.4150
26 Dec 2014,3.4860
25 Dec 2014,3.5490
24 Dec 2014,3.6060
23 Dec 2014,3.6670
22 Dec 2014,3.7020
19 Dec 2014,3.6060
18 Dec 2014,3.1300
17 Dec 2014,2.7660
16 Dec 2014,2.6680
15 Dec 2014,2.6540
12 Dec 2014,2.6510
11 Dec 2014,2.6460
10 Dec 2014,2.6430
09 Dec 2014,2.6400
08 Dec 2014,2.6410
05 Dec 2014,2.6280
04 Dec 2014,2.6320
03 Dec 2014,2.6340
02 Dec 2014,2.6430
01 Dec 2014,2.6460
28 Nov 2014,2.6080
27 Nov 2014,2.5840
26 Nov 2014,2.5730
25 Nov 2014,2.5590
24 Nov 2014,2.5540
21 Nov 2014,2.5860
20 Nov 2014,2.5390
19 Nov 2014,2.5040
18 Nov 2014,2.5030
17 Nov 2014,2.5090
14 Nov 2014,2.4860
13 Nov 2014,2.4730
12 Nov 2014,2.4830
11 Nov 2014,2.4930
10 Nov 2014,2.5390
07 Nov 2014,2.5690
06 Nov 2014,2.5580
05 Nov 2014,2.5420
04 Nov 2014,2.5420
03 Nov 2014,2.5480
31 Oct 2014,2.5590
30 Oct 2014,2.5540
29 Oct 2014,2.5180
28 Oct 2014,2.4910
27 Oct 2014,2.4822
24 Oct 2014,2.4452
23 Oct 2014,2.4230
22 Oct 2014,2.4190
21 Oct 2014,2.4150
20 Oct 2014,2.4280
17 Oct 2014,2.4610
16 Oct 2014,2.4740
15 Oct 2014,2.4980
14 Oct 2014,2.5380
13 Oct 2014,2.5360
11 Oct 2014,2.5440
10 Oct 2014,2.5665
09 Oct 2014,2.5623
08 Oct 2014,2.5400
30 Sep 2014,2.5325
29 Sep 2014,2.5430
28 Sep 2014,2.6580
26 Sep 2014,2.6780
25 Sep 2014,2.6770
24 Sep 2014,2.6910
23 Sep 2014,2.7160
22 Sep 2014,2.7970
19 Sep 2014,2.8400
18 Sep 2014,2.8410
17 Sep 2014,2.8470
16 Sep 2014,2.8530
15 Sep 2014,2.8510
12 Sep 2014,2.8530
11 Sep 2014,2.8590
10 Sep 2014,2.8390
09 Sep 2014,2.8160
05 Sep 2014,2.8070
04 Sep 2014,2.8150
03 Sep 2014,2.8240
02 Sep 2014,2.8470
01 Sep 2014,2.9060
29 Aug 2014,2.9080
28 Aug 2014,2.8760
27 Aug 2014,2.8610
26 Aug 2014,2.8230
25 Aug 2014,2.8410
22 Aug 2014,2.8430
21 Aug 2014,2.8480
20 Aug 2014,2.8330
19 Aug 2014,2.8350
18 Aug 2014,2.8580
15 Aug 2014,2.8890
14 Aug 2014,2.8880
13 Aug 2014,2.8920
12 Aug 2014,2.9160
11 Aug 2014,2.9550
08 Aug 2014,3.0010
07 Aug 2014,3.0400
06 Aug 2014,3.0510
05 Aug 2014,3.1450
04 Aug 2014,3.1820
01 Aug 2014,3.1960
31 Jul 2014,3.2040
30 Jul 2014,3.2502
29 Jul 2014,3.2503
28 Jul 2014,3.3040
25 Jul 2014,3.3480
24 Jul 2014,3.3130
23 Jul 2014,3.2950
22 Jul 2014,3.2530
21 Jul 2014,3.3180
18 Jul 2014,3.2450
17 Jul 2014,3.2465
16 Jul 2014,3.2472
15 Jul 2014,3.2180
14 Jul 2014,3.2550
11 Jul 2014,3.2850
10 Jul 2014,3.3000
09 Jul 2014,3.3510
08 Jul 2014,3.2530
07 Jul 2014,2.9520
04 Jul 2014,2.9400
03 Jul 2014,2.9600
02 Jul 2014,3.0200
01 Jul 2014,3.0170
30 Jun 2014,2.9130
27 Jun 2014,2.8850
26 Jun 2014,2.9740
25 Jun 2014,2.9950
24 Jun 2014,2.9710
23 Jun 2014,2.7550
20 Jun 2014,2.7590
19 Jun 2014,2.6980
18 Jun 2014,2.6390
17 Jun 2014,2.6000
16 Jun 2014,2.6000
13 Jun 2014,2.6000
12 Jun 2014,2.5970
11 Jun 2014,2.5920
10 Jun 2014,2.5700
09 Jun 2014,2.5800
06 Jun 2014,2.5808
05 Jun 2014,2.5760
04 Jun 2014,2.5610
03 Jun 2014,2.5210
30 May 2014,2.5700
29 May 2014,2.5100
28 May 2014,2.5100
27 May 2014,2.5410
26 May 2014,2.5025
23 May 2014,2.5300
22 May 2014,2.5100
21 May 2014,2.5280
20 May 2014,2.4270
19 May 2014,2.3960
16 May 2014,2.3700
15 May 2014,2.3500
14 May 2014,2.3666
13 May 2014,2.3500
12 May 2014,2.2135
09 May 2014,2.2205
08 May 2014,2.2300
07 May 2014,2.3700
06 May 2014,2.3700
05 May 2014,2.3700
04 May 2014,2.4000
30 Apr 2014,2.5000
29 Apr 2014,2.6040
28 Apr 2014,2.4060
25 Apr 2014,2.3100
24 Apr 2014,2.3030
23 Apr 2014,1.9630
22 Apr 2014,1.9262
21 Apr 2014,1.9800
18 Apr 2014,2.0000
17 Apr 2014,2.1810
16 Apr 2014,2.2980
15 Apr 2014,2.4490
14 Apr 2014,2.6390
11 Apr 2014,2.7500
10 Apr 2014,2.7400
09 Apr 2014,2.7400
08 Apr 2014,2.7130
04 Apr 2014,2.7630
03 Apr 2014,2.9500
02 Apr 2014,2.9500
01 Apr 2014,2.8660
31 Mar 2014,2.8000
28 Mar 2014,2.7500
27 Mar 2014,2.6580
26 Mar 2014,2.5200
25 Mar 2014,2.5000
24 Mar 2014,2.5000
21 Mar 2014,2.5000
20 Mar 2014,3.0110
19 Mar 2014,2.8025
18 Mar 2014,2.0500
17 Mar 2014,1.8690
14 Mar 2014,1.8765
13 Mar 2014,1.9600
12 Mar 2014,1.9000
11 Mar 2014,1.8730
10 Mar 2014,1.9190
07 Mar 2014,1.9948
06 Mar 2014,2.0547
05 Mar 2014,2.0900
04 Mar 2014,2.0830
03 Mar 2014,2.0850
28 Feb 2014,1.8458
27 Feb 2014,1.7500
26 Feb 2014,1.7500
25 Feb 2014,1.7200
24 Feb 2014,1.7000
21 Feb 2014,1.7640
20 Feb 2014,1.9810
19 Feb 2014,2.4030
18 Feb 2014,2.6800
17 Feb 2014,2.9510
14 Feb 2014,3.2780
13 Feb 2014,3.6690
12 Feb 2014,4.0750
11 Feb 2014,4.1370
10 Feb 2014,4.3035
08 Feb 2014,4.2500
07 Feb 2014,4.2700
30 Jan 2014,4.4350
29 Jan 2014,4.8000
28 Jan 2014,4.8477
27 Jan 2014,4.5340
26 Jan 2014,4.4000
24 Jan 2014,3.7193
23 Jan 2014,3.7000
22 Jan 2014,3.6760
21 Jan 2014,3.6410
20 Jan 2014,3.8880
17 Jan 2014,2.8170
16 Jan 2014,2.7723
15 Jan 2014,2.7513
14 Jan 2014,2.7395
13 Jan 2014,2.7380
10 Jan 2014,2.7660
09 Jan 2014,2.7940
08 Jan 2014,2.8300
07 Jan 2014,2.8750
06 Jan 2014,2.9200
03 Jan 2014,3.0060
02 Jan 2014,3.1310
